"Device_ID","Device_Type","Operating_System","Department","Vulnerability","Threat","Attack","CPU_Usage","Memory_Usage","Network_Traffic","Failed_Logins","Open_Ports","Patch_Level","Firewall","Antivirus","User_Behaviour_Score","Risk_Score","Compromised"
"DEV0415",2,2,4,7,3,3,0.519066733567486,0.743039652886585,0.632527306297689,0.05,0.166666666666667,2,2,2,0.246033071655253,0.575757575757576,2
"DEV0463",1,3,3,1,2,1,0.987706974410437,0.895986501144992,0.631059106177563,0.65,0.208333333333333,2,1,1,0.0135293135126107,0.808080808080808,2
"DEV0179",2,4,1,9,4,1,0.0237079779227296,0.339881885018681,0.689542410962561,0.35,0.333333333333333,2,1,2,0.0557875396692835,0.888888888888889,2
"DEV0526",2,2,2,2,3,2,0.727295534370296,0.5569482945643,0.63546370653794,0.5,0.125,1,2,2,0.326039752797728,0.383838383838384,2
"DEV0195",2,3,3,3,4,1,0.383592574009032,0.279498613956852,0.18628345160501,0.55,0.25,2,1,2,0.790546183397361,0.262626262626263,2
"DEV0938",4,2,3,5,1,1,0.337807325639739,0.622152585271785,0.387894022645875,0.75,0.75,2,1,2,0.244863871722065,0.171717171717172,2
"DEV0818",4,1,4,4,1,3,0.878449573507275,0.456550560443534,0.0782595154939603,0.75,0.75,1,1,1,0.958743945214632,0.373737373737374,1
"DEV0118",2,2,4,4,2,2,0.784244856999498,0.863324093045679,0.936978622116433,0,0.5,1,2,2,0.419742776014699,0.121212121212121,2
"DEV0299",4,3,4,5,3,3,0.518564977420973,0.619862600940099,0.524792561119391,0.5,0.166666666666667,1,1,2,0.363287122097879,0.808080808080808,1
"DEV0229",1,3,3,4,3,3,0.516808830908179,0.236350488128239,0.24963851133406,0,0.791666666666667,2,2,1,0.492400200434274,0.404040404040404,1
"DEV0244",2,1,2,3,3,2,0.0430255895634721,0.713510907556948,0.760994816808667,0,0.416666666666667,1,2,1,0.567228996158343,0.555555555555556,2
"DEV0014",3,3,5,2,2,1,0.243226292022077,0.043871278775461,0.299179142660112,0.75,0.0833333333333333,1,1,2,0.82445298145983,0.919191919191919,1
"DEV0374",1,3,1,1,4,1,0.803687907676869,0.203567554537785,0.437212199408271,0.6,0.916666666666667,2,2,2,0.913646233505929,0.535353535353535,2
"DEV0665",4,3,1,3,3,1,0.617536377320622,0.630709895142823,0.908059528841234,0.7,0.0416666666666667,1,2,1,0.106898279605813,0.0101010101010101,2
"DEV0602",1,4,3,10,4,2,0.76392373306573,0.475352537061589,0.204302271261095,0,0.416666666666667,1,1,1,0.200434274260899,0.383838383838384,2
"DEV0603",2,2,1,5,2,2,0.854992473657802,0.11907918524768,0.405178742241897,0.65,0.416666666666667,1,2,2,0.889427092032738,0.878787878787879,1
"DEV0768",2,1,4,1,2,1,0.786879076768691,0.01663251777751,0.135563811091585,0.4,0.125,2,1,2,0.483714715216302,0.414141414141414,2
"DEV0709",1,3,1,5,1,3,0.626442548921224,0.225985295890081,0.542210753453607,0.4,0.333333333333333,1,2,1,0.639051277768498,0.232323232323232,1
"DEV0091",1,3,5,4,2,1,0.202458605117913,0.732674460648427,0.217649545080417,0.8,0.791666666666667,2,1,2,0,0.252525252525253,1
"DEV0953",4,2,5,9,4,1,0.578524836929252,0.434976497529227,0.326251863056971,0.15,0.0416666666666667,1,1,1,0.248872557207282,0.797979797979798,2
"DEV0348",3,3,1,1,1,2,0.328901154039137,0.822345426057611,0.407959424287589,0.5,0.833333333333333,2,1,2,0.17554701854017,0.575757575757576,2
"DEV0649",4,1,3,9,3,2,0.29942298043151,0.694106303483187,0.423753698307121,0.95,0.0833333333333333,1,2,2,0.531651912477034,0.94949494949495,2
"DEV0355",3,2,1,9,3,2,0.249498243853487,0.535374231649994,0.00627321869508153,0.5,0.875,1,2,1,0.754802071154168,0.878787878787879,1
"DEV0840",3,3,3,8,1,1,0.741971901655795,0.81788598288538,0.859720152158922,0.35,0.875,1,2,1,0.811591782194755,0.262626262626263,2
"DEV0026",4,2,2,7,4,1,0.111013547415956,0.00964203929131012,0.995884590572376,0.95,0.541666666666667,2,2,2,0.79706029731084,0.646464646464647,2
"DEV0519",1,1,3,9,3,2,0.051806322127446,0.375798481378812,0.50670700509421,0.15,0.291666666666667,1,1,2,0.178720561215968,0.282828282828283,1
"DEV0426",4,3,5,5,1,3,0.424862017059709,0.908762203205978,0.782639645852335,0.8,0.666666666666667,2,1,2,0.132286621012193,0.636363636363636,1
"DEV0979",2,4,1,9,1,2,0,0.692780523080632,0.78161635485952,0.4,0.833333333333333,1,2,1,0.653749791214298,0.0505050505050505,2
"DEV0766",2,1,2,1,2,2,0.262669342699448,0.192720260335061,0.837363468511557,0.6,0.666666666666667,1,2,2,0.724736930015033,0.787878787878788,1
"DEV0211",2,3,4,3,1,2,0.220396387355745,0.0579727612390021,0.566747491824795,1,0.333333333333333,2,1,2,0.354100551194254,0.717171717171717,2
"DEV0932",2,2,3,4,4,2,0.785624686402409,0.601060624322044,0.587124329855627,0.95,0.208333333333333,1,2,2,0.0183731418072491,0.484848484848485,2
"DEV0590",4,4,3,8,4,3,0.189036628198695,0.161022056164879,0.979578671056437,0.65,0.25,2,2,1,0.798897611491565,0.171717171717172,1
"DEV0593",4,4,1,4,3,1,0.525213246362268,0.74171387248403,0.613084777434209,0.55,0.666666666666667,1,2,2,0.0724903958576917,0.818181818181818,2
"DEV0555",2,4,3,10,4,2,0.00100351229302557,0.836446908521152,0.499543968144506,0.8,0.0416666666666667,1,1,2,0.775179555704026,0.464646464646465,2
"DEV0871",1,3,2,5,1,2,0.638861013547416,0.618657346028685,0.946877850199097,0.7,0.625,2,1,1,0.956071488224487,0.0808080808080808,2
"DEV0373",1,2,1,10,4,1,0.986327145007526,0.737495480294082,0.246969056570196,0.65,0.291666666666667,2,1,1,0.255386671120762,0.868686868686869,1
"DEV0844",2,2,2,1,1,1,0.667711991971902,0.718090876220321,0.00117900918737347,0.9,0.0416666666666667,1,1,1,0.688825789209955,0.101010101010101,1
"DEV0143",1,4,5,9,2,2,0.457225288509784,0.0359165963601301,0.424465552910818,0.7,0.5,1,2,1,0.540170369133122,0.828282828282828,2
"DEV0544",2,2,2,3,3,3,0.359006522829905,0.109557671447511,0.467910929192712,0.65,0.125,1,2,2,0.887255720728245,0.646464646464647,2
"DEV0490",2,3,1,3,1,3,0.5431510286001,0.726045558635651,0.416612906813783,0.2,0.333333333333333,2,1,2,0.0963754802071155,0.98989898989899,1
"DEV0621",1,2,2,9,2,2,0.0376317109884596,0.719657707605158,0.732943296331724,0.15,0.875,1,1,2,0.896108234508101,0.555555555555556,1
"DEV0775",3,1,3,10,2,1,0.19919719016558,0.271543931541521,0.32166929904567,0.25,0.291666666666667,2,2,2,0.0163687990646401,0.0909090909090909,2
"DEV0905",2,3,3,6,2,3,0.261038635223281,0.986621670483307,0.0591284230195982,0.8,0.583333333333333,2,2,1,0.530983798229497,0.515151515151515,2
"DEV0937",4,3,4,8,4,1,0.625313597591571,0.20573701337833,0.480212666562854,0.85,0.125,2,1,2,0.16201770502756,0.111111111111111,2
"DEV0842",3,2,1,6,3,2,0.580155544405419,0.0396528865855128,0.797455119791783,0.1,0.625,2,2,1,0.908802405211291,0.585858585858586,2
"DEV0023",3,1,4,6,2,3,0.337556447566483,0.937929372062191,0.200542789135319,0.6,0.375,1,2,1,0.783698012360114,0.595959595959596,2
"DEV0923",4,4,5,7,1,2,0.0654791771199197,0.290104857177293,0.267457121882855,0.6,0.125,1,2,1,0.0978787372640721,0.939393939393939,1
"DEV0309",3,3,4,10,4,3,0.688660311088811,0.727973966493913,0.399216959935933,0.9,0.916666666666667,1,1,1,0.965091030566227,0.474747474747475,1
"DEV0135",1,1,1,6,3,3,0.100727546412444,0.510425454983729,0.847173714768758,0.6,0.5,1,1,1,0.445799231668615,0.313131313131313,2
"DEV0821",3,1,4,6,4,3,0.693176116407426,0.307701578883934,0.49140213111472,0.2,0.875,1,1,2,0.105896108234508,0,2
"DEV0954",1,2,1,1,3,2,0.498871048670346,0.592262263468724,0.303850688496875,0.45,0.5,1,1,2,0.653916819776182,0.242424242424242,1
"DEV0224",4,1,2,4,2,3,0.806071249372805,0.877787151982644,0.719373567948746,0.45,0.583333333333333,1,1,1,0.983798229497244,0.121212121212121,1
"DEV0166",2,2,5,9,4,3,0.674234821876568,0.176810895504399,0.274597913376193,0.8,0.916666666666667,1,2,1,0.589276766327042,0.747474747474748,2
"DEV0217",1,3,1,1,2,1,0.58705469141997,0.930577317102567,0.0170177741196361,1,0.0833333333333333,1,1,1,0.148822448638717,0.0404040404040404,2
"DEV0290",2,4,1,9,3,3,0.173983943803312,0.493672411715078,0.646008052855204,1,0.333333333333333,2,2,2,0.684316018039085,0.252525252525253,1
"DEV0581",3,3,2,7,4,2,0.612393376818866,0.594672773291551,0.97348341601228,1,0.833333333333333,2,2,2,0.0188742274929013,0.717171717171717,2
"DEV0072",3,3,4,4,1,3,0.676618163572504,0.360371218512715,0.47754321179899,0.25,0.666666666666667,1,1,2,0.871053950225489,0.545454545454545,2
"DEV0588",1,2,4,6,2,2,0.369041645760161,0.726407135109076,0.878428580962338,0.15,0.958333333333333,2,1,1,0.960748287957241,0.474747474747475,1
"DEV0575",3,2,5,10,2,2,0.056823883592574,0.867542485235627,0.475407647987898,0.05,1,2,1,2,0.555035911140805,0.333333333333333,1
"DEV0141",2,4,1,5,3,2,0.411440040140492,0.259732433409666,0.540742553333482,0.9,0.375,2,2,1,0.271922498747286,0.818181818181818,2
"DEV0722",2,2,3,1,2,3,0.80707476166583,0.036519223815837,0.149823148621894,0.4,1,1,2,2,0.889093034908969,0.111111111111111,2
"DEV0865",3,3,3,4,4,2,0.240592072252885,0.598168012534651,0.30427335216782,0.65,0.916666666666667,2,1,1,0.131618506764657,0.727272727272727,2
"DEV0859",3,1,2,7,3,3,0.017059708981435,0.338194528142702,0.00969901897537428,0.35,0.708333333333333,2,2,2,0.0374143978620344,0,1
"DEV0153",4,3,2,8,3,1,0.1441294530858,0.515487525611667,0.350655128689965,0.4,0,2,1,1,0.955069316853182,0.181818181818182,1
"DEV0294",3,2,3,8,3,1,0.614776718514802,0.120646016632518,0.524481124730274,0.95,0.125,1,1,2,0.417070319024553,0.787878787878788,2
"DEV0277",3,3,2,4,1,2,0.931510286001004,0.173556707243582,0.893889173136387,0.85,0.833333333333333,1,2,1,0.833806580925338,0.101010101010101,2
"DEV0999",2,1,4,5,2,1,0.0607124937280482,0.0602627455706882,0.785598291548951,0.45,0.458333333333333,2,1,2,0.208952730916987,0.525252525252525,1
"DEV0041",4,3,5,1,4,2,0.165579528349222,0.813306014222008,0.000333681845483057,0.1,0,1,1,1,0.764823784867212,0.313131313131313,2
"DEV0431",4,3,5,9,3,2,0.677245358755645,0.555019886706038,0.0602629412942406,0.55,0.416666666666667,2,1,2,0.85435109403708,0.95959595959596,2
"DEV0090",3,2,1,9,4,2,0.691294530858003,0.268289743280704,0.118279091495562,0.3,0.833333333333333,1,2,1,0.373475864372808,0.97979797979798,2
"DEV0316",1,4,2,1,4,3,0.888108379327647,0.9930095215138,0.382599604030877,0.6,0.5,2,2,2,0.663103390679806,0.585858585858586,2
"DEV0223",3,1,2,6,3,2,0.26116407425991,0.621308906833795,0.633350388183214,0.1,0.375,1,1,2,0.7471187573075,0.434343434343434,2
"DEV0528",3,2,3,1,2,1,0.0787757150025088,0.240207303844763,0.722020777256245,1,1,1,2,1,0.954735259729414,0.464646464646465,1
"DEV0116",1,3,4,8,4,1,0.269568489713999,0.767867904061709,0.869864080261607,0.25,0.75,1,1,2,0.711708702188074,0.525252525252525,1
"DEV0606",4,1,1,1,3,1,0.684144505770196,0.0511028082439436,0.90334349209174,0.3,0.416666666666667,1,2,2,0.205111073993653,0.424242424242424,2
"DEV0774",3,1,4,6,1,2,0.73256397390868,0.29155116307099,0.343447600827531,0.2,0.375,2,1,2,0.46684483046601,0.585858585858586,2
"DEV0747",3,3,5,7,4,2,0.218514801806322,0.515608051102808,0.63506328832336,0.75,0.375,1,2,1,0.466677801904126,0.0202020202020202,1
"DEV0456",3,3,5,2,3,3,0.224410436527847,0.559599855369411,0.328164972304407,0.8,0.0833333333333333,2,1,2,0.763821613495908,0.909090909090909,1
"DEV0598",4,1,3,3,4,3,0.972779729051681,0.844401590936483,0.539163125931528,0.3,0.75,2,1,1,0.118423250375814,0.323232323232323,1
"DEV0854",4,1,4,5,4,2,0.224034119417963,0.444256960347113,0.417702934175695,0.25,0.666666666666667,2,2,2,0.0427593118423251,0.606060606060606,1
"DEV0039",3,4,2,3,1,2,0.255268439538384,0.0403760395323611,0.765577380819967,0.85,0.375,2,2,2,0.248705528645398,0.353535353535354,2
"DEV0159",3,3,5,1,3,3,0.90178123432012,0.992406894058093,0.875314217071163,0.8,0.25,1,2,1,0.843494237514615,0.171717171717172,2
"DEV0752",1,4,2,6,4,1,0.286126442548921,0.470290466433651,0.735323560162837,0.1,0.958333333333333,1,1,1,0.135460163687991,0.545454545454545,2
"DEV0209",2,4,3,7,3,3,0.584922227797291,0.446787995661082,0.550107890463373,0.8,0.25,1,2,1,0.706530816769668,0.101010101010101,1
"DEV0988",2,4,5,7,4,2,0.506397390868038,0.604555863565144,0.718172313305008,0.25,0.458333333333333,1,1,2,0.755637213963588,0.282828282828283,2
"DEV0994",1,1,3,8,1,1,0.28549924736578,0.161022056164879,0.840233132382711,0.75,0.625,2,2,2,0.364122264907299,0.0303030303030303,1
"DEV0034",2,3,2,6,2,3,0.58567486201706,0.236350488128239,0.593330812181612,0.5,0.0416666666666667,1,2,1,0.300150325705696,0.474747474747475,1
"DEV0516",2,4,4,8,2,1,0.0131710988459609,0.669760154272629,0.415367161257313,0.45,0.0833333333333333,2,2,1,0.941540003340571,0.212121212121212,1
"DEV0013",1,2,4,4,3,3,0.333667837431009,0.954200313366277,0.236780637554779,0.1,0.791666666666667,1,2,1,0.758810756639385,0.525252525252525,1
"DEV0069",4,3,3,9,1,1,0.520070245860512,0.173556707243582,0.0679598691967166,0.2,0.166666666666667,1,2,1,0.94721897444463,0.222222222222222,1
"DEV0895",3,4,2,6,1,2,0.623808329152032,0.490177172471978,0.914332747536316,0.25,0.625,2,2,1,0.787873726407216,0.575757575757576,1
"DEV0755",3,4,5,6,4,2,0.624059207225289,0.315294684825841,0.54089827152804,0,0.75,2,2,2,0.218640387506264,0,2
"DEV0409",1,1,3,6,2,3,0.968013045659809,0.343015547788357,0.644717816386003,0.85,0.583333333333333,1,2,1,0.749791214297645,0.202020202020202,1
"DEV0308",4,2,2,1,1,2,0.644505770195685,0.253706158852597,0.735723978377416,0.45,0.708333333333333,2,1,2,0.211458159345248,0.585858585858586,2
"DEV0278",4,2,4,3,4,2,0.00664826894129455,0.641918765818971,0.19355771583654,0.05,0.375,2,2,1,0.734591615166193,0.696969696969697,1
"DEV0089",2,3,1,8,4,3,0.253888610135474,0.0241050982282753,0.914866638489089,0.7,0.166666666666667,1,1,2,0.764990813429096,0.686868686868687,2
"DEV0537",1,1,5,2,1,1,0.630707476166583,0.876702422562372,0.452539318844126,0.55,0.166666666666667,1,1,2,0.768665441790546,0.141414141414141,1
"DEV0291",3,3,4,1,3,3,0.857877571500251,0.209111727130288,0.924209730162614,0.1,1,2,1,1,0.0664773676298648,0.898989898989899,1
"DEV0424",4,2,5,4,4,3,0.40805318615153,0.31782572013981,0.382688585856339,0.65,0.416666666666667,2,1,1,0.54417905461834,0.181818181818182,2
"DEV0880",3,1,1,1,4,3,0.78549924736578,0.634928287332771,0.79816697439548,0,0.541666666666667,2,1,2,0.821780524469684,0.939393939393939,1
"DEV0286",1,2,5,1,4,1,0.0329904666332162,0.374352175485115,0.411451960936979,0.7,0.833333333333333,2,1,1,0.928344746951729,0.757575757575758,2
"DEV0671",2,1,5,7,1,1,0.102609131961867,0.809810774978908,0.171356750383734,0.5,0.708333333333333,1,1,1,0.487055286453984,0.97979797979798,2
"DEV0121",3,3,4,5,1,3,0.977170095333668,0.813064963239725,0.567726291904878,0.15,0.333333333333333,1,1,2,0.000334057123768217,0.0505050505050505,1
"DEV0110",2,4,1,3,1,3,0.783366783743101,0.491141376401109,0.0958556714791004,0.2,0.625,1,1,2,0.192249874728579,0.383838383838384,2
"DEV0158",4,1,1,5,3,1,0.443301555444054,0.810292876943473,0.0884924254221075,0.7,0.708333333333333,1,2,2,0.578920995490229,0.767676767676768,2
"DEV0064",4,3,1,9,3,3,0.13647767185148,0.773412076654212,0.510622205414544,0.35,0.5,1,1,1,0.310673125104393,0.424242424242424,1
"DEV0483",1,1,4,2,1,3,0.75765178123432,0.432324936724117,0.625275287522523,0.8,0.791666666666667,1,1,1,0.0586270252213129,0.929292929292929,1
"DEV0477",3,3,1,4,4,2,0.019568489713999,0.725804507653369,0.725491068449269,0.1,1,2,1,2,0.465174544847169,0.515151515151515,2
"DEV0480",4,2,3,5,1,3,0.430130456598093,0.0812341810292877,0.480101439281027,0.05,0.166666666666667,1,2,2,0.0225488558543511,0.202020202020202,1
"DEV0711",4,4,3,7,1,1,0.995358755644757,0.433891768108955,0.65948879941272,0.35,1,2,2,1,0.461165859361951,0.838383838383838,2
"DEV0067",3,2,4,5,2,1,0.58429503261415,0.790406170905146,0.878428580962338,1,0,2,2,1,0.361950893602806,0.464646464646465,2
"DEV0663",1,1,1,9,3,1,0.287757150025088,0.31613836326383,0.348141392120659,1,0.916666666666667,1,2,2,0.991147486220144,0.424242424242424,1
"DEV0847",4,1,3,5,3,1,0.255770195684897,0.700253103531397,0.865503970813961,0.6,0.208333333333333,2,1,1,0.106063136796392,0.939393939393939,2
"DEV0085",1,1,5,4,2,2,0.560461615654792,0.260335060865373,0.736613796632038,0.05,0.541666666666667,2,1,2,0.245531985969601,1,1
"DEV0165",4,3,4,9,4,3,0.936276969392875,0.686754248523563,0.198273752586034,0.1,0.625,2,1,1,0.739268414898948,0.656565656565657,1
"DEV0648",2,3,5,4,1,1,0.341068740592072,0.239243099915632,0.290325451026628,0.4,0.666666666666667,1,1,1,0.366126607649908,1,1
"DEV0051",2,1,1,9,1,2,0.579904666332163,0.801735567072436,0.10991479990212,0,0.125,1,2,2,0.424419575747453,0.0808080808080808,2
"DEV0074",3,4,1,7,1,2,0.957727044656297,0.537905266963963,0.53985273507886,0.2,0.333333333333333,1,1,2,0.649574077167196,0.242424242424242,2
"DEV0178",2,2,2,10,2,3,0.47077270446563,0.660720742437025,0.731675305318889,0.6,1,2,2,2,0.943043260397528,0.636363636363636,1
"DEV0362",3,2,4,3,1,2,0.492599096838936,0.142581656020248,0.951593886948591,0.2,0.458333333333333,1,2,2,0.40671454818774,0.515151515151515,1
"DEV0236",2,2,4,9,3,2,0.45822880080281,0.011208870676148,0.471470202211198,0.8,0.625,2,2,2,0.86537497912143,0.868686868686869,2
"DEV0610",1,2,2,4,3,1,0.51743602609132,0.695432083885742,0.175939314395035,0.5,0.75,2,2,1,0.146317020210456,0.898989898989899,2
"DEV0330",1,1,1,2,2,3,0.613396889111892,0.266963962878149,0.976152870776144,0.2,0.708333333333333,1,1,1,0.436779689326875,0.454545454545455,1
"DEV0726",4,2,4,2,2,1,0.317486201705971,0.00482101964565506,0.946299468333593,0.4,0.5,1,2,1,0.767830298981126,0.94949494949495,2
"DEV0127",1,4,4,5,4,1,0.13998996487707,0.269615523683259,0.100282517295842,0.1,0.625,2,2,1,0.817437781860698,0.0505050505050505,2
"DEV0212",4,3,3,5,3,2,0.321249372804817,0.956128721224539,0.555780481836585,0.6,0.333333333333333,2,1,1,0.653582762652414,0.151515151515152,2
"DEV0686",1,3,2,1,2,1,0.975163070747617,0.036519223815837,0.162414076924788,0.1,0.625,1,1,1,0.153165191247703,0.96969696969697,2
"DEV0785",3,3,5,10,1,3,0.0477922729553437,0.870917198987586,0.573131937801704,0.85,0.875,2,2,1,0.665608819108068,0.717171717171717,2
"DEV0814",4,2,4,6,2,3,0.221525338685399,0.861516210678558,0.239583565056837,0.8,0.875,1,1,1,0.15466844830466,0.444444444444444,1
"DEV0310",4,4,1,7,3,2,0.183517310587055,0.279980715921417,0.405601405912842,0,0,2,1,1,0.730248872557207,0.121212121212121,2
"DEV0744",3,1,5,9,1,2,0.428625188158555,0.541400506207063,0.493115031254866,1,1,2,1,2,0.234508100885251,0.212121212121212,1
"DEV0243",3,2,3,1,4,3,0.639488208730557,0.00711100397734121,0.948435032144684,0.35,0.0833333333333333,2,1,1,0.152998162685819,0.343434343434343,1
"DEV0862",3,1,5,1,2,3,0.910060210737581,0.312522598529589,0.540475607857095,0.55,0.166666666666667,1,1,1,0.563387339235009,0.909090909090909,2
"DEV0888",2,4,5,1,1,2,0.304189663823382,0.884054477521996,0.489400040041821,0.3,0.875,1,2,1,0.139301820611325,0.808080808080808,1
"DEV0792",2,1,4,8,4,1,0.998243853487205,0.750873809810775,0.347407292060597,0.4,0.0833333333333333,1,1,1,0.242525471855687,0.121212121212121,1
"DEV0113",2,1,2,7,4,1,0.570998494731561,0.684705315174159,0.822770449135764,0.45,0.875,1,1,1,0.634374478035744,0.121212121212121,1
"DEV0619",1,3,5,1,1,1,0.863396889111892,0.101361938049898,0.434342535537116,0.2,0.583333333333333,1,2,1,0.073158510105228,0.454545454545455,1
"DEV0893",2,4,1,3,4,2,0.162568991470145,0.332047728094492,0.659800235801837,0.3,0.208333333333333,1,1,1,0.547352597294137,0.848484848484849,2
"DEV0151",4,3,3,7,1,3,0.3460863020572,0.857418343979752,0.186016506128623,1,0.958333333333333,1,2,1,0.74795390011692,0.494949494949495,1
"DEV0666",3,3,5,6,3,3,0.844831911690918,0.391346269736049,0.0925188530242698,0.35,0.833333333333333,1,2,1,0.517454484716887,0.737373737373737,1
"DEV0614",3,2,5,3,1,2,0.416206723532363,0.554176208268049,0.769581562965764,0.05,0.375,1,1,1,0.00985468515116091,0.878787878787879,1
"DEV0767",1,3,1,8,3,1,0.586678374310085,0.890201277570206,0.973216470535893,0,0.666666666666667,1,1,1,0.731418072490396,0.696969696969697,2
"DEV0160",4,3,1,5,2,3,0.292398394380331,0.432927564179824,0.71103152181167,0.25,0.958333333333333,1,2,2,0.209453816602639,0.666666666666667,2
"DEV0391",2,3,1,6,1,3,0.146011038635223,0.597926961552368,0.267879785553801,0.7,0.791666666666667,1,2,1,0.835142809420411,0.414141414141414,2
"DEV0155",3,2,3,4,4,3,0.743100852985449,0.449319030975051,0.258247502947523,0.55,0.708333333333333,1,1,1,0.940370803407383,0.808080808080808,2
"DEV0974",2,1,5,9,4,1,0.264676367285499,0.319030975051223,0.201009943718995,0.85,0.333333333333333,1,1,1,0.795891097377652,0.646464646464647,1
"DEV0005",4,2,3,9,1,1,0.647390868038134,0.988911654814993,0.121838364514048,0.9,0.791666666666667,2,1,2,0.958910973776516,0.0909090909090909,1
"DEV0326",4,3,1,6,4,2,0.76254390366282,0.686874774014704,0.475919293484306,0,0.166666666666667,1,2,1,0.200434274260899,0.404040404040404,2
"DEV0784",4,4,5,4,3,1,0.0253386853988961,0.857418343979752,0.97163704313394,0.65,0.125,1,1,2,0.0756639385334893,0.555555555555556,1
"DEV0280",3,3,1,2,4,3,0.619041645760161,0.666988067976377,0.419749516161324,0.25,0.0833333333333333,2,1,1,0.966260230499415,0.272727272727273,1
"DEV0800",1,2,5,6,3,2,0.714124435524335,0.433530191635531,0.76735701732921,0.55,0.458333333333333,2,2,1,0.617170536161684,0.272727272727273,1
"DEV0789",2,2,1,6,1,3,0.607375815353738,0.16114258165602,0.969412497497386,0.35,0.25,1,1,1,0.912644062134625,0.777777777777778,2
"DEV0567",2,2,3,4,4,3,0.189538384345208,0.437748583825479,0.916423820434676,0.85,0.25,2,2,1,0.972941372974779,0.0707070707070707,2
"DEV0843",2,3,1,10,1,3,0.924360260913196,0.0503796552970954,0.823971703779503,0.3,0.75,1,1,1,0.152998162685819,0.94949494949495,2
"DEV0238",1,2,1,1,1,1,0.30920722528851,0.20838857418344,0.493381976731253,0.55,0.416666666666667,1,2,2,0.395189577417739,0.606060606060606,1
"DEV0764",1,1,4,1,2,1,0.721525338685399,0.834277449680607,0.214512935732877,0.55,0.708333333333333,2,2,1,0.880073492567229,0.0606060606060606,1
"DEV0339",3,3,5,1,3,3,0.952709483191169,0.805471857297818,0.887082063488532,0.3,0.416666666666667,2,2,1,0.883915149490563,0.414141414141414,2
"DEV0920",4,3,3,9,1,2,0.0272202709483191,0.822345426057611,0.635041042866994,0.4,0.125,1,1,1,0.777350927008518,0.181818181818182,2
"DEV0822",2,2,4,2,3,1,0.180883090817862,0.107026636133542,0.183102351344738,0.5,0.916666666666667,2,2,1,0.863704693502589,0.393939393939394,2
"DEV0137",1,4,4,6,4,3,0.507902659307576,0.184042424972882,0.284942050586168,0.85,0.708333333333333,1,1,2,0.625020878570236,0.101010101010101,1
"DEV0455",2,1,5,10,1,2,0.742849974912193,0.242376762685308,0.870308989388917,0.4,0.0833333333333333,1,1,1,0.800233839986638,0.828282828282828,2
"DEV0738",3,2,2,7,1,2,0.996236828901154,0.901169097264071,0.282250350365938,0.65,0.875,1,2,2,0.634040420911976,0.242424242424242,2
"DEV0560",2,1,2,9,3,2,0.573883592574009,0.18392189948174,0.750650679598692,0.1,0.708333333333333,2,2,2,0.251043928511776,0.515151515151515,1
"DEV0589",1,4,2,5,2,1,0.74586051179127,0.34675183801374,0.408115142482148,1,0.583333333333333,2,1,1,0.706530816769668,0.939393939393939,1
"DEV0083",4,4,5,9,1,1,0.297290516808831,0.834639026154032,0.606544613262741,0.8,0.375,2,1,1,0.434608318022382,0.424242424242424,1
"DEV0696",1,4,4,4,3,3,0.315730055193176,0.65674340122936,0.349654083153516,0.45,0.958333333333333,1,2,2,0.652914648404877,0.98989898989899,2
"DEV0867",3,4,1,5,1,2,0.912192674360261,0.63745932264674,0.00298089115298199,0.9,0.375,2,1,2,0.191247703357274,0.373737373737374,2
"DEV0196",4,3,3,9,1,2,0.67900150526844,0.468362058575389,0.873668053300113,0.65,0.208333333333333,1,1,2,0.516953399031234,0.131313131313131,2
"DEV0769",1,3,2,9,1,1,0.375062719518314,0.100277208629625,0.69158899294819,0.7,0.291666666666667,1,2,1,0.125104392851178,0.767676767676768,2
"DEV0680",1,3,3,8,3,3,0.0199448068238836,0.200313366276968,0.605677040464485,0.45,0.958333333333333,2,1,1,0.715383330549524,0.797979797979798,2
"DEV0900",2,4,1,4,3,3,0.374811841445058,0.550922020007232,0.307298734233533,0.9,0.333333333333333,2,1,1,0.215466844830466,0.595959595959596,1
"DEV0926",4,2,3,1,4,1,0.325514300050176,0.997589490177172,0.782194736725024,1,0.708333333333333,2,1,1,0.707365959579088,0.101010101010101,1
"DEV0500",3,1,1,9,3,3,0.0122930255895635,0.282632276726528,0.872177607723622,0.9,0.291666666666667,1,2,1,0.83714715216302,0.666666666666667,1
"DEV0852",1,1,1,3,3,2,0.112017059708981,0.497047125467036,0.079861188352279,1,0.291666666666667,1,2,2,0.152831134123935,0.939393939393939,2
"DEV0344",4,2,5,7,4,2,0.370421475163071,0.660479691454743,0.000667363690966114,0.7,0.458333333333333,2,2,2,0.927843661266077,0.0202020202020202,1
"DEV0966",2,4,1,1,4,1,0.59959859508279,0.467518380137399,0.795052610504304,0.15,0.666666666666667,2,2,2,0.0962084516452314,0.868686868686869,1
"DEV0459",3,4,3,5,2,3,0.097842448569995,0.163432565987706,0.930816630703179,0.6,0.0833333333333333,1,1,1,0.817938867546351,0.828282828282828,2
"DEV0020",4,1,4,2,4,2,0.132839939789262,0.155598409063517,0.273552376927013,0.3,0.458333333333333,1,2,2,0.781526641055621,1,2
"DEV0996",4,1,4,9,2,3,0.806447566482689,0.752320115704472,0.990612417413743,0.3,0.291666666666667,1,1,1,0.636879906464005,0.434343434343434,1
"DEV0164",1,1,4,9,4,1,0.57175112895133,0.515367000120526,0.273196449625164,0.6,0.166666666666667,2,1,1,0.540170369133122,0.939393939393939,2
"DEV0052",3,1,2,5,1,2,0.484821876567988,0.622152585271785,0.257046248303784,0.35,0.458333333333333,1,2,2,0.0599632537163856,0.474747474747475,1
"DEV0534",3,1,3,2,4,2,0.369668840943302,0.57358081234181,0.674126309701244,0.25,0.0416666666666667,2,1,1,0.283280440955403,0.0101010101010101,2
"DEV0177",4,2,4,10,2,3,0.367160060210738,0.122694949981921,0.0600849776433163,0.35,0.5,1,2,2,0.191414731919158,0.444444444444444,1
"DEV0554",2,1,5,7,3,2,0.912067235323633,0.790285645414005,0.258514448423909,0.65,0.333333333333333,1,2,1,0.624519792884583,0.505050505050505,2
"DEV0084",2,3,4,1,2,3,0.541896638233818,0.352778112570809,0.217605054167686,0.7,1,2,1,2,0.0420911975947888,0.232323232323232,1
"DEV0523",4,4,5,10,2,2,0.108755644756648,0.297336386645776,0.264209285253487,0.35,0.0833333333333333,2,2,1,0.472857858693837,0.363636363636364,2
"DEV0633",4,1,5,6,2,2,0.538258906171601,0.403037242376763,0.71556959491024,0.4,0.666666666666667,1,2,2,0.392517120427593,0.454545454545455,1
"DEV0392",4,3,1,4,2,3,0.72215253386854,0.572255031939255,0.390785931973394,0.45,0.583333333333333,1,2,1,0.0938700517788543,0.353535353535354,1
"DEV0302",1,3,2,2,2,1,0.867410938283994,0.437989634807762,0.875091762507508,0.65,0.375,2,1,1,0.882411892433606,0.282828282828283,1
"DEV0597",3,2,4,4,2,3,0.628324134470647,0.0269977100156683,0.557448891064,0.45,0.916666666666667,2,1,1,0.606313679639218,0.626262626262626,2
"DEV0706",3,4,2,7,2,3,0.136101354741596,0.755453778474147,0.595889039663649,0.75,0.666666666666667,1,2,2,0.958576916652748,0.383838383838384,1
"DEV0864",2,4,4,1,3,3,0.626191670847968,0.71893455465831,0.76112828954686,0.75,0.333333333333333,2,1,2,0.340070151995991,0.252525252525253,1
"DEV0837",1,2,4,10,2,3,0.761916708479679,0.881643967699168,0.912041465530665,0.25,0.541666666666667,2,2,1,0.785034240855186,0.868686868686869,1
"DEV0430",3,3,4,7,1,2,0.294656297039639,0.128841750030131,0.4431962271706,0.65,0.708333333333333,1,1,2,0.832136295306497,0.515151515151515,1
"DEV0710",2,1,1,7,3,1,0.926367285499248,0.714475111486079,0.232798700865348,0.3,0.916666666666667,2,1,2,0.874895607148823,0.0101010101010101,2
"DEV0761",2,3,2,2,2,1,0.652157551430005,0.582258647703989,0.460214001290236,0.35,0.541666666666667,1,1,2,0.636044763654585,0.555555555555556,2
"DEV0712",1,1,4,8,3,1,0.256648268941294,0.922381583704954,0.110337463573065,0.45,0.625,1,1,1,0.68782361783865,0.515151515151515,1
"DEV0428",1,4,2,9,4,3,0.890366281986954,0.939014101482464,0.934509376459858,0.55,0.625,1,1,2,0.60881910806748,0.262626262626263,2
"DEV0672",3,3,1,2,1,1,0.587305569493226,0.306014222007955,0.265455030809957,0.35,0.916666666666667,1,2,1,0.558376482378487,0.878787878787879,2
"DEV0250",1,3,3,5,1,2,0.766808830908179,0.782692539472098,0.361132738638133,0.2,0.666666666666667,2,2,1,0.119258393185235,0.939393939393939,1
"DEV0429",3,3,3,7,3,3,0.862393376818866,0.980233819452814,0.79467443774609,0.2,0.458333333333333,2,2,2,0.0136963420744947,0.0505050505050505,1
"DEV0398",4,4,4,4,1,2,0.684897139989965,0.584428106544534,0.681445064845505,0.4,0.0833333333333333,2,2,2,0.306664439619175,0.191919191919192,1
"DEV0928",2,4,1,9,3,2,0.469267436026091,0.613113173436182,0.801637265588504,0.3,0.541666666666667,2,1,2,0.695506931685318,0.94949494949495,1
"DEV0381",3,4,4,5,2,1,0.578901154039137,0.190550801494516,0.0115009009409828,0.85,0.75,1,1,1,0.0638049106397194,0.686868686868687,1
"DEV0545",2,1,5,10,4,3,0.840817862518816,0.118356032300832,0.565857673570173,0.15,0.458333333333333,1,2,1,0.982294972440287,0.838383838383838,2
"DEV0040",2,3,5,4,2,3,0.587305569493226,0.0588164396769917,0.976375325339799,0.95,0.833333333333333,2,1,2,0.491231000501086,0.363636363636364,1
"DEV0522",2,3,1,4,2,1,0.132589061716006,0.557189345546583,0.897381709785776,0.45,0.375,1,1,2,0.909303490896944,0.171717171717172,1
"DEV0473",2,4,3,7,1,2,0.968514801806322,0.671688562130891,0.27241785865237,0.55,0.375,2,2,2,0.145982963086688,0.323232323232323,1
"DEV0200",2,4,1,8,2,2,0.0842950326141495,0.853320477280945,0.527773452272373,0.4,0.875,2,2,1,0.801403039919826,0.353535353535354,1
"DEV0125",4,2,1,4,1,2,0.710361264425489,0.885259732433409,0.488265521767179,0.2,0.333333333333333,2,2,2,0.347085351595123,0.606060606060606,2
"DEV0265",1,4,5,9,1,2,0.344957350727546,0.388935759913222,0.564256000711855,0.7,0.291666666666667,2,2,1,0.623016535827627,1,1
"DEV0959",4,3,4,7,2,3,0.762167586552935,0.414607689526335,0.0773919426957044,0.2,0.666666666666667,1,1,2,0.45866043093369,0.707070707070707,1
"DEV0186",1,1,3,3,3,3,0.473030607124937,0.335422441846451,0.0696727693368629,0.35,0.875,2,1,1,0.292801068982796,0.616161616161616,1
"DEV0573",2,3,3,7,2,3,0.927496236828901,0.231770519464867,0.392810268502658,1,0.541666666666667,1,2,1,0.306330382495407,0.898989898989899,2
"DEV0252",2,3,5,7,3,3,0.47842448569995,0.0542364710136194,0.16041198585189,0.2,0.791666666666667,1,1,2,0.123434107232337,0.0303030303030303,1
"DEV0458",1,4,4,7,1,2,0.825765178123432,0.00807520790647222,0.355749338197673,0.35,0.75,2,1,1,0.337397695005846,0.818181818181818,2
"DEV0152",1,1,5,3,1,1,0.778850978424486,0.426660238640472,0.726870286743933,0.65,0.5,1,1,2,0.981626858192751,0.121212121212121,2
"DEV0054",3,3,3,9,2,1,0.0421475163070748,0.871760877425576,0.716236958601206,0.85,0.166666666666667,2,1,1,0.762652413562719,0.96969696969697,1
"DEV0538",1,2,5,8,3,1,0.933266432513798,0.623237314692057,0.513825551131181,0,0.75,1,2,1,0.16569233338901,0.616161616161616,2
"DEV0235",2,1,4,3,3,3,0.0551931761164074,0.266722911895866,0.926745712188285,0.75,0.833333333333333,1,2,1,0.0424252547185569,0.707070707070707,1
"DEV0289",3,1,1,10,4,1,0.309458103361766,0.694708930938894,0.11758948234823,0.95,0,2,1,1,0.224987472857859,0.0707070707070707,1
"DEV0185",4,4,5,6,1,3,0.276342197691922,0.547065204290707,0.459146219384691,0.2,0.208333333333333,2,2,1,0.194588274594956,0.242424242424242,1
"DEV0765",1,2,4,2,2,1,0.724661314601104,0.802217669037001,0.921317820835094,0.4,0.541666666666667,1,1,2,0.976114915650576,0.282828282828283,1
"DEV0413",1,4,2,5,4,3,0.204967385850477,0.629143063757985,0.266656285453696,0.7,0.833333333333333,1,1,2,0.347753465842659,0.272727272727273,2
"DEV0627",3,1,4,8,1,3,1,0.917078462094733,0.463061419705025,0.2,0.166666666666667,1,2,2,0.867880407549691,0.818181818181818,2
"DEV0794",2,4,4,2,2,2,0.0662318113396889,0.0894299144269013,0.901586101038863,1,0.791666666666667,1,2,2,0.919826290295641,0.171717171717172,2
"DEV0981",2,3,4,9,2,2,0.916206723532363,0.324334096661444,0.49658532244789,0.1,0.625,2,2,1,0.221980958743945,0.444444444444444,1
"DEV0783",4,4,5,4,1,3,0.485699949824385,0.296372182716645,0.316730807732521,0.55,0.708333333333333,2,2,1,0.20661433105061,0.595959595959596,2
"DEV0205",2,4,5,4,3,1,0.0673607626693427,0.498855007834157,0.920828420795053,0.65,0.166666666666667,1,2,2,0.993485886086521,0.222222222222222,2
"DEV0904",3,4,3,6,1,1,0.687531359759157,0.262383994214776,0.169577113874491,0.05,0.166666666666667,2,2,2,0.7880407549691,0.0101010101010101,1
"DEV0564",4,2,3,2,1,3,0.865153035624686,0.262022417741352,0.814917803038729,0.6,0.833333333333333,2,2,2,0.648571905795891,1,2
"DEV0857",4,1,5,1,3,1,0.903161063723031,0.0721947691936845,0.844037105421218,0.5,0.0833333333333333,2,2,1,0.795557040253884,0.939393939393939,1
"DEV0908",4,2,4,6,1,2,0.884094330155545,0.63131252259853,0.108023936111049,0.4,0.333333333333333,2,2,1,0.63053282111241,0.898989898989899,2
"DEV0727",3,1,4,8,4,3,0.450827897641746,0.999638423526576,0.184815251484884,0.45,0.0416666666666667,2,1,1,0.419909804576583,0.181818181818182,1
"DEV0346",4,4,2,4,1,1,0.620546914199699,0.258045076533687,0.54129868974262,0,0,2,2,1,0.896108234508101,0.303030303030303,2
"DEV0858",3,4,4,8,1,2,0.510160561966884,0.639146679522719,0.686583765265944,0,0.958333333333333,1,2,1,0.545181225989644,0.333333333333333,2
"DEV0468",4,1,4,6,2,2,0.0352483692925238,0.701699409425093,0.413365070184415,0.95,0.541666666666667,2,2,1,0.859696008017371,0.272727272727273,2
"DEV0509",1,2,3,7,2,3,0.0682388359257401,0.26792816680728,0.80459591128512,0.65,1,2,2,1,0.643728077501253,0.838383838383838,2
"DEV0057",1,2,4,10,1,1,0.774084295032614,0.649029769796312,0.0583053411340734,0.55,0.416666666666667,2,2,1,0.397695005846,0.868686868686869,1
"DEV0457",2,4,3,9,2,3,0.749498243853487,0.905025912980595,0.124997219317954,0.2,0.166666666666667,2,1,2,0.309169868047436,0.555555555555556,1
"DEV0617",2,2,4,5,1,2,0.95471650777722,0.0134988550078341,0.411073788178764,0.75,0.916666666666667,1,1,2,0.703858359779522,0.696969696969697,1
"DEV0357",3,4,3,9,3,3,0.691169091821375,0.369410630348319,0.447511845705515,0.3,0.666666666666667,1,1,2,0.0272256555871054,0.343434343434343,1
"DEV0279",4,1,4,10,1,2,0.174987456096337,0.938290948535615,0.756478989166463,0.05,0.75,1,2,1,0.343577751795557,0.222222222222222,2
"DEV0270",3,2,1,10,4,2,0.738334169593578,0.835000602627456,0.814539630280515,0.35,0.166666666666667,1,2,2,0.736261900785034,0.909090909090909,2
"DEV0646",3,3,1,3,4,1,0.365153035624686,0.316499939737254,0.671323382199186,0.6,1,1,1,1,0.562385167863705,0.848484848484849,1
"DEV0347",3,4,1,9,1,2,0.985950827897642,0.00626732553935157,0.00783040064066913,0.5,0.875,1,1,2,0.667112076165024,0.373737373737374,2
"DEV0129",3,3,5,3,2,1,0.63785750125439,0.433891768108955,0.435032144684448,0.35,0.75,2,2,1,0.589276766327042,0.323232323232323,2
"DEV0218",3,1,3,9,3,2,0.0696186653286503,0.519344341328191,0.779280581941138,0.45,0.666666666666667,2,1,2,0.504426256889928,0.737373737373737,2
"DEV0618",4,2,4,10,1,2,0.240466633216257,0.415812944437749,0.413342824728049,0.15,0.291666666666667,1,1,1,0.535827626524136,0.535353535353535,1
"DEV0698",2,3,4,3,3,1,0.929628700451581,0.486922984211161,0.763464062465241,0.9,0,1,1,2,0.0686487389343578,0.0707070707070707,2
"DEV0337",2,1,5,5,4,1,0.734320120421475,0.162950464023141,0.0451805218784063,0.95,1,1,2,2,0.547519625856022,0.474747474747475,1
"DEV0976",4,3,5,9,4,2,0.592574009031611,0.31698204170182,0.857851533824216,1,0.75,1,2,1,0.334391180891933,0.505050505050505,2
"DEV0539",1,2,1,5,2,3,0.905920722528851,0.90020489333494,0.717593931439503,0.45,1,1,1,2,0.224653415734091,0.98989898989899,1
"DEV0975",3,3,1,9,4,2,0.991721023582539,0.861275159696276,0.641403243387538,0.3,0.25,1,2,2,0.754802071154168,0.909090909090909,1
"DEV0861",3,2,5,9,4,2,0.131460110386352,0.0756900084367844,0.145841211932463,0.7,0.958333333333333,2,2,2,0.198931017203942,0.191919191919192,2
"DEV0553",2,2,1,5,4,3,0.299673858504767,0.513559117753405,0.00347029119302381,0.7,0.875,1,2,1,0.283781526641056,0.181818181818182,1
"DEV0724",2,2,4,10,4,3,0.568113396889112,0.547908882728697,0.542188507997242,0.25,0.958333333333333,1,2,2,0.303323868381493,0.252525252525253,2
"DEV0390",4,3,5,9,1,2,0.662694430506774,0.731228154754731,0.10123907191956,0.55,0.833333333333333,1,2,2,0.981960915316519,0.848484848484849,1
"DEV0498",4,4,1,5,3,2,0.108881083793276,0.0771363143304809,0.118612773341045,0.7,0.958333333333333,1,2,1,0.985134457992317,0.191919191919192,1
"DEV0222",4,2,4,10,2,2,0.753637732062218,0.221405327226708,0.396124841501123,0.1,0,1,1,2,0.960414230833473,0.474747474747475,1
"DEV0899",4,2,2,1,1,2,0.594330155544406,0.350970230203688,0.60650012235001,0,0.708333333333333,1,1,1,0.394187406046434,0.0202020202020202,1
"DEV0657",1,3,3,2,3,1,0.176994480682388,0.145474267807641,0.764064689787111,0.7,0.541666666666667,1,1,1,0.466677801904126,0.191919191919192,2
"DEV0421",4,2,2,7,3,2,0.151028600100351,0.0137399059901169,0.326096144862412,0.85,0.666666666666667,1,2,1,0.653415734090529,0.232323232323232,1
"DEV0762",3,3,4,2,4,1,0.221650777722027,0.902494877666626,0.583676284118969,0.6,0.958333333333333,1,1,1,0.76883247035243,0.494949494949495,1
"DEV0660",1,1,4,4,3,2,0.0564475664826894,0.19440761721104,0.215380508531132,0.25,0.5,2,1,2,0.832303323868382,0.868686868686869,2
"DEV0163",1,4,2,3,2,2,0.563848469643753,0.880800289261179,0.0125464373901631,0.8,0.416666666666667,1,1,1,0.481042258226157,0.696969696969697,2
"DEV0846",2,3,1,2,2,2,0.170095333667837,0.164517295407979,0.476052766222499,0.65,0.5,1,2,1,0.718556873225322,0.585858585858586,1
"DEV0673",4,1,5,7,2,1,0.376944305067737,0.208991201639147,0.606210931417258,0.6,0.75,2,2,2,0.509103056622682,0.878787878787879,1
"DEV0578",2,2,4,9,2,1,0.946688409433016,0.615523683259009,0.595644339643628,0.1,0.541666666666667,2,2,1,0.969767830298981,0.535353535353535,2
"DEV0913",4,4,3,10,3,3,0.450827897641746,0.350367602747981,0.670366827575468,0.4,0.666666666666667,2,1,2,0.680474361115751,0.808080808080808,2
"DEV0878",1,1,3,2,3,1,0.0332413447064726,0.397493069784259,0.683358174092941,0.55,0.125,1,1,1,0.682144646734592,0.585858585858586,1
"DEV0225",2,3,2,9,4,1,0.827145007526342,0.295649029769796,0.835072186505906,0.45,0.666666666666667,2,2,1,0.698346417237348,0.171717171717172,1
"DEV0389",2,1,3,8,2,3,0.996864024084295,0.779920453175847,0.889373345494183,0.25,0.875,2,2,1,0.127609821279439,0.414141414141414,1
"DEV0117",1,1,1,9,4,2,0.255143000501756,0.043871278775461,0.733899850955442,0.35,0.541666666666667,1,1,1,0.0213796559211625,0.171717171717172,2
"DEV0771",4,2,1,6,3,1,0.597089814350226,0.573098710377245,0.526149533957689,1,0.25,1,2,2,0.455152831134124,0.333333333333333,2
"DEV0885",4,4,4,5,1,1,0.128449573507275,0.688441605399542,0.450870909616711,0.75,0.375,2,1,2,0.260898613662936,0.0606060606060606,1
"DEV0055",4,2,1,2,3,3,0.631836427496237,0.819452814270218,0.543189553533691,0.9,0.291666666666667,1,2,1,0.189410389176549,0.696969696969697,2
"DEV0947",1,2,5,3,4,1,0.52157551430005,0.687718452452694,0.0988365626320824,0.1,0.666666666666667,2,2,1,0.544346083180224,0.131313131313131,1
"DEV0811",4,4,2,6,2,3,0.163823381836427,0.263950825599614,0.680799946610905,0.75,0.0833333333333333,2,2,1,0.184733589443795,0.212121212121212,2
"DEV0557",1,2,3,6,4,3,0.277596588058204,0.4220802699771,0.542499944386359,0.15,0.791666666666667,1,1,2,0.429764489727743,0.393939393939394,1
"DEV0658",2,1,1,5,4,2,0.0474159558454591,0.113655538146318,0.199230307209752,1,0.125,1,1,1,0.388174377818607,0.929292929292929,2
"DEV0682",4,2,1,6,1,3,0.422604114400401,0.478606725322406,0.633928770048718,0.05,0.416666666666667,1,2,1,0.549356940036746,0.919191919191919,1
"DEV1000",2,4,1,10,4,1,0.163572503763171,0.636133542244185,0.576513247169266,0.9,0.0416666666666667,1,2,1,0.631033906798063,0.494949494949495,1
"DEV0134",1,1,1,6,3,3,0.430883090817862,0.136916957936604,0.666140190866016,0.8,0.625,1,1,1,0.770502755971271,0.96969696969697,1
"DEV0891",4,4,5,9,3,1,0.925112895132965,0.142340605037966,0.550797499610705,0.25,0.666666666666667,2,2,2,0.0977117087021881,0.0202020202020202,2
"DEV0688",4,4,1,7,3,3,0.175614651279478,0.329998794745089,0.750873134162347,0.35,0.333333333333333,1,1,1,0.976114915650576,0.111111111111111,2
"DEV0447",1,3,5,1,3,1,0.888861013547416,0.732312884175003,0.449246991302027,0.35,0,2,1,2,0.754300985468515,0,2
"DEV0104",3,3,1,3,2,1,0.654039136979428,0.0854525732192359,0.613084777434209,0,0.0416666666666667,2,2,1,0.632704192416903,0.363636363636364,1
"DEV0716",2,4,4,10,4,2,0.858128449573507,0.758828492226106,0.682001201254644,0.9,0.791666666666667,1,2,2,0.751127442792718,0.94949494949495,2
"DEV0845",1,4,4,6,4,2,0.510536879076769,0.226105821381222,0.277445331790982,0,0.625,2,1,2,0.507933856689494,0.757575757575758,2
"DEV0210",2,4,5,5,2,3,0.676994480682388,0.264915029528745,0.756256534602807,1,0.166666666666667,1,2,2,0.326206781359613,0.171717171717172,1
"DEV0349",2,3,4,10,3,1,0.625188158554942,0.24430517054357,0.602095521989634,0.45,0.333333333333333,2,1,2,0.0611324536495741,0.626262626262626,2
"DEV0401",4,2,2,5,3,1,0.494982438534872,0.0959382909485356,0.0437790581273775,0.75,0.125,1,2,1,0.369634207449474,0.464646464646465,2
"DEV0258",4,4,2,3,2,2,0.15667335674862,0.665541762082681,0.200031143638912,0.75,0,1,2,2,0.604810422582262,0,1
"DEV0915",2,4,2,4,4,2,0.539387857501254,0.348559720380861,0.0947878895735546,0.5,0.333333333333333,2,1,1,0.00718222816101553,0.242424242424242,1
"DEV0386",2,1,1,3,2,3,0.913196186653287,0.280703868868266,0.0561920227793473,0,0.75,2,2,2,0.755470185401704,0.343434343434343,1
"DEV0941",2,3,1,10,1,3,0.519819367787255,0.138001687356876,0.26309701243521,1,0.583333333333333,1,1,2,0.858192750960414,0.0606060606060606,2
"DEV0024",3,3,1,9,3,3,0.490466633216257,0.328311437869109,0.792939292149578,0.7,1,2,1,1,0.585268080841824,0.0505050505050505,2
"DEV0466",1,4,1,8,1,2,0.342574009031611,0.608894781246234,0.185126687874002,0,0.916666666666667,1,2,2,0.229330215466845,0.353535353535354,1
"DEV0130",3,3,1,3,3,1,0.022077270446563,0.262745570688201,0.267568349164683,0.7,0.958333333333333,1,1,1,0.939368632036078,0.414141414141414,1
"DEV0886",4,4,4,5,1,2,0.0536879076768691,0.589249126190189,0.767824171912887,0.75,0.708333333333333,1,1,2,0.232837815266411,0.121212121212121,1
"DEV0943",3,3,2,8,4,3,0.56196688409433,0.718693503676027,0.450648455053055,1,0.291666666666667,1,2,2,0.0898613662936363,0.595959595959596,1
"DEV0377",2,2,1,1,2,3,0.652282990466633,0.125949138242738,0.838008586746157,0.85,0.458333333333333,2,1,1,0.254217471187573,0.939393939393939,2
"DEV0170",3,2,4,8,1,1,0.303186151530356,0.352778112570809,0.96854492469913,0.7,0.0416666666666667,2,1,2,0.00450977117087027,0.939393939393939,1
"DEV0445",3,4,4,4,1,2,0.898645258404415,0.471616246836206,0.948012368473739,1,0.0416666666666667,1,1,1,0.697845331551695,0.717171717171717,1
"DEV0234",3,2,2,1,1,1,0.838936276969393,0.668313848378932,0.0580383956576869,0.8,0.916666666666667,1,2,1,0.82812760982128,0.535353535353535,1
"DEV0422",3,2,1,2,3,1,0.193928750627195,0.255875617693142,0.791626810224012,0.35,0.5,1,2,1,0.871220978787373,0.333333333333333,1
"DEV0508",4,3,3,10,2,3,0.021450075263422,0.857177292997469,0.264298267078949,0.8,0.333333333333333,2,2,2,1,0.97979797979798,1
"DEV0910",1,4,3,5,2,2,0.134094330155544,0.8581414969266,0.0802171156541276,0.4,0.5,2,2,1,0.0110238850843495,0.0909090909090909,1
"DEV0080",2,2,1,2,4,1,0.844079277471149,0.892491261901892,0.333570618201232,0.7,0.833333333333333,2,2,1,0.806580925338233,0.363636363636364,1
"DEV0894",3,3,3,3,1,2,0.372052182639237,0.447149572134506,0.0630881142526639,0.1,0.416666666666667,2,2,2,0.00434274260898622,0.97979797979798,1
"DEV0548",2,3,5,9,1,1,0.445308580030105,0.605761118476558,0.196583097902253,0.45,0.375,1,2,1,0.325872724235844,0.96969696969697,2
"DEV0475",4,4,1,10,3,2,0.93803311590567,0.456550560443534,0.892354236647165,0.1,0.0416666666666667,1,1,1,0.80073492567229,0.767676767676768,2
"DEV0903",3,4,2,5,4,2,0.267185148018063,0.773291551163071,0.539385580495184,0.35,0.5,2,1,1,0.815934524803742,0.707070707070707,1
"DEV0343",1,4,3,6,4,2,0.381209232313096,0.0324213571170302,0.669365782039018,0.15,0.375,2,2,1,0.776014698513446,0.505050505050505,1
"DEV0323",3,2,2,7,1,1,0.560963371801305,0.576955526093769,0.599426067225769,0.4,0.666666666666667,2,2,2,0.38132620678136,0.363636363636364,2
"DEV0479",1,1,2,8,3,1,0.147516307074762,0.543328914065325,0.456343291882633,0.1,0.875,1,2,1,0.127442792717555,0.525252525252525,1
"DEV0838",2,1,2,10,2,1,0.512794781736076,0.471736772327347,0.162947967877561,0.65,0.125,1,1,2,0.0177050275597128,0.121212121212121,1
"DEV0450",2,3,4,3,1,2,0.859257400903161,0.983488007713631,0.11280670922964,0.25,0.125,2,1,1,0.448304660096877,0.454545454545455,2
"DEV0111",2,2,4,9,1,3,0.200702458605118,0.518621188381343,0.587435766244744,0.9,0.375,1,2,2,0.684650075162853,0.464646464646465,1
"DEV0317",1,2,3,6,4,3,0.657049673858505,0.523080631553574,0.383200231352746,0.85,0.25,2,2,1,0.771504927342576,0.292929292929293,1
"DEV0741",4,1,2,9,2,2,0.477671851480181,0.928287332770881,0.837763886726136,0.25,0,1,2,1,0.062969767830299,0.252525252525253,1
"DEV0287",2,2,5,8,4,1,0.0408931259407928,0.34940339881885,0.816741930460703,0.2,0.583333333333333,1,2,1,0.168698847502923,0.404040404040404,1
"DEV0585",2,4,3,9,2,3,0.517937782237832,0.516090153067374,0.930950103441372,0,0.5,2,2,1,0.962919659261734,0.686868686868687,1
"DEV0292",3,2,1,2,1,2,0.953838434520823,0.341810292876943,0.683491646831135,0.05,0.416666666666667,1,2,2,0.778687155503591,0.939393939393939,2
"DEV0226",1,3,1,1,2,3,0.183517310587055,0.356875979269616,0.32889907236447,0.3,0.166666666666667,1,2,1,0.85802572239853,0.939393939393939,2
"DEV0297",1,2,3,9,1,1,0.832915203211239,0.896830179582982,0.593664494027095,0.8,0,2,2,2,0.0175379989978287,0.828282828282828,1
"DEV0605",4,4,2,7,3,3,0.0858003010536879,0.878510304929493,0.742775788045292,0.35,0,1,2,2,0.0688157674962419,0.191919191919192,1
"DEV0637",4,1,4,8,4,2,0.690165579528349,0.0298903218030613,0.96376215158054,0.65,0.0833333333333333,1,1,2,0.840654751962586,0.95959595959596,2
"DEV0834",3,4,3,6,2,1,0.303562468640241,0.14270218151139,0.775943763486308,0.8,0.0416666666666667,2,1,1,0.814097210623017,0.848484848484849,1
"DEV0237",2,2,3,4,2,2,0.290642247867536,0.701578883933952,0.787778346272774,0.85,0.375,2,1,2,0.482378486721229,0.646464646464647,2
"DEV0700",2,4,3,4,4,1,0.153286502759659,0.859467277329155,0.870220007563455,0.7,0.0833333333333333,1,1,1,0.264406213462502,0.595959595959596,2
"DEV0809",3,1,2,4,3,3,0.867410938283994,0.0759310594190671,0.481169221186573,0.2,0.291666666666667,2,2,2,0.448137631534993,0.0505050505050505,2
"DEV0033",4,1,2,9,2,2,0.0321123933768188,0.730866578281307,0.618379196049207,0.4,0.0416666666666667,2,2,1,0.121763821613496,0.383838383838384,2
"DEV0836",2,1,5,1,2,3,0.435524335173106,0.420754489574545,0.976041643494316,0.85,0.208333333333333,1,1,1,0.997661600133623,0.141414141414141,1
"DEV0396",4,3,3,3,2,2,0.140115403913698,0.666505966011812,0.956265432785354,0.9,0.458333333333333,2,1,1,0.671621847335894,0.212121212121212,2
"DEV0935",1,1,3,5,1,3,0.748871048670346,0.740749668554899,0.576668965363824,0.95,0.625,2,2,2,0.891598463337231,0.262626262626263,2
"DEV0917",3,4,3,10,3,1,0.786377320622178,0.741472821501748,0.6795764465108,0.55,0.291666666666667,2,2,2,0.896943377317521,0.98989898989899,1
"DEV0076",1,2,2,1,2,2,0.414576016056197,0.327588284922261,0.351989856071897,0.05,0.458333333333333,1,2,2,0.496074828795724,0.888888888888889,2
"DEV0094",1,2,4,1,3,2,0.461364776718515,0.646980836446909,0.0721865059061687,0.25,0.916666666666667,2,1,1,0.653916819776182,0.262626262626263,2
"DEV0030",1,4,5,5,2,1,0.492599096838936,0.161383632638303,0.424688007474473,0.5,0.541666666666667,1,2,1,0.226156672791047,0.373737373737374,1
"DEV0723",2,4,3,10,2,1,0.747365780230808,0.484632999879475,0.72055257713612,0.1,0.541666666666667,2,2,1,0.969099716051445,0.383838383838384,2
"DEV0175",3,1,2,4,1,2,0.295408931259408,0.133421718693504,0.655595844548751,0.45,0.208333333333333,2,1,2,0.651244362786036,0.151515151515152,1
"DEV0916",2,1,3,3,3,1,0.202709483191169,0.979992768470531,0.533757480034703,0.8,0.208333333333333,2,2,1,0.85719057958911,0.707070707070707,1
"DEV0685",3,3,5,7,1,1,0.291520321123934,0.88176449319031,0.911374101839699,0.45,0,1,2,2,0.121596793051612,0.515151515151515,1
"DEV0115",3,1,5,2,2,1,0.615529352734571,0.00940098830902735,0.364669766200254,0.6,0.291666666666667,2,1,1,0.523968598630366,0.494949494949495,1
"DEV0751",2,2,3,1,3,3,0.91645760160562,0.539954200313366,0.315574044001513,0.7,0.0416666666666667,2,2,1,0.49958242859529,0.0303030303030303,1
"DEV0608",1,2,4,3,1,2,0.500125439036628,0.414607689526335,0.288990723644696,0.75,0.416666666666667,2,2,1,0.853850008351428,0.252525252525253,1
"DEV0465",4,2,5,1,4,3,0.591570496738585,0.889357599132216,0.717149022312193,0.85,0,1,2,2,0.120928678804076,0.171717171717172,2
"DEV0358",4,3,4,2,1,3,0.0743853487205218,0.411353501265518,0.525281961159433,0.95,0.333333333333333,1,1,2,0.469851344579923,0.555555555555556,1
"DEV0902",2,3,2,3,1,3,0.227546412443552,0.396769916837411,0.828932440549018,1,0,1,1,2,0.457825288124269,0.414141414141414,1
"DEV0096",3,2,1,4,3,2,0.587431008529855,0.981680125346511,0.157942740195315,0.1,0.708333333333333,2,1,2,0.885752463671288,0.545454545454545,2
"DEV0782",3,1,5,1,4,2,0.348093326643251,0.509220200072315,0.0117233555046382,0.9,0.416666666666667,1,2,2,0.744112243193586,0.313131313131313,2
"DEV0397",4,4,5,3,4,1,0.527596588058204,0.47547306255273,0.785487064267123,0,0.625,1,1,1,0.0227158844162352,0.939393939393939,2
"DEV0404",3,1,5,6,2,1,0.962493728048169,0.668554899361215,0.0656463417347007,0.85,0.25,2,2,2,0.646233505929514,0.777777777777778,2
"DEV0148",4,1,1,1,3,1,0.886352232814852,0.449680607448475,0.269592685693947,0.25,0.375,2,1,2,0.652580591281109,0.444444444444444,2
"DEV0813",4,3,4,3,2,1,0.617912694430507,0.604073761600578,0.453073209796899,0.2,0.541666666666667,2,1,1,0.71438115917822,0.171717171717172,1
"DEV0968",3,2,4,1,1,2,0.364525840441545,0.413522960106062,0.365937757213089,0.35,0.0416666666666667,1,2,2,0.994989143143478,0.171717171717172,1
"DEV0714",2,3,3,10,1,2,0.25351229302559,0.377606363745932,0.810691166329277,0.3,0.208333333333333,2,1,1,0.39118089193252,0.222222222222222,1
"DEV0338",4,3,3,3,3,1,0.370170597089814,0.998433168615162,0.893288545814517,0.05,0.25,1,1,2,0.0663103390679806,0.424242424242424,1
"DEV0869",2,1,1,4,4,1,0.475539387857501,0.217548511510184,0.201165661913554,0.2,0.666666666666667,1,2,1,0.619007850342408,0.797979797979798,2
"DEV0106",1,1,5,7,1,3,0.609006522829905,0.155718934554658,0.771383444931373,0.5,0.5,2,2,2,0.335059295139469,0.0404040404040404,1
"DEV0011",2,4,3,3,2,1,0.760536879076769,0.26527660600217,0.947634195715525,0.55,0.0416666666666667,1,2,1,0.609320193753132,0.515151515151515,2
"DEV0625",2,1,2,1,1,2,0.159056698444556,0.290466433650717,0.447111427490935,0.8,0.541666666666667,1,1,2,0.864038750626357,0.383838383838384,1
"DEV0364",3,4,5,2,2,3,0.793276467636729,0.113414487164035,0.209218517117879,0.1,0.291666666666667,2,1,2,0.482879572406882,0.373737373737374,1
"DEV0705",2,2,4,10,4,3,0.263171098845961,0.515125949138243,0.201588325584499,0.1,0.166666666666667,2,1,2,0.0736595957908803,0.747474747474748,1
"DEV0403",4,2,1,5,2,2,0.999623682890115,0.121128118597083,0.0341467755210998,0.9,0.291666666666667,1,2,1,0.428261232670787,0.575757575757576,1
"DEV0461",2,2,4,2,1,1,0.0194430506773708,0.772929974689647,0.820234467110093,0.1,0.125,2,2,2,0.822281610155337,0.424242424242424,1
"DEV0704",4,1,4,10,3,2,0.664701455092825,0.192961311317344,0.72533535025471,0.95,0.666666666666667,2,1,2,0.986136629363621,1,2
"DEV0031",3,2,5,2,4,3,0.749247365780231,0.990116909726407,0.727804595911285,0.3,0.541666666666667,2,2,2,0.0136963420744947,0.565656565656566,2
"DEV0655",2,1,3,1,4,2,0.932764676367286,0.710618295769555,0.595978021489111,0.85,0.333333333333333,2,2,1,0.862368465007516,0.626262626262626,2
"DEV0661",4,4,4,9,1,1,0.119417962870045,0.100638785103049,0.496273886058773,0.65,0.416666666666667,1,2,1,0.0136963420744947,0.474747474747475,1
"DEV0016",4,4,5,10,2,2,0.974284997491219,0.424972881764493,0.462505283295887,0.3,0.625,2,1,2,0.82979789544012,0.252525252525253,2
"DEV0420",4,1,1,6,2,1,0.982313095835424,0.324454622152585,0.431495117122328,1,0.833333333333333,1,1,1,0.0322365124436279,0.232323232323232,1
"DEV0882",4,1,5,4,3,2,0.0682388359257401,0.769073158973123,0.791871510244033,0.2,0.916666666666667,1,2,2,0.286119926507433,0.292929292929293,2
"DEV0417",2,1,4,5,3,1,0.904415454089313,0.629986742195975,0.325072853869597,0.5,0.375,1,1,2,0.0347419408718892,0.696969696969697,1
"DEV0464",3,3,2,9,2,1,0.846337180130457,0.314933108352417,0.780882254799457,0.65,0.666666666666667,2,2,1,0.701352931351261,0.0303030303030303,1
"DEV0412",1,4,2,2,3,2,0.485574510787757,0.703266240809931,0.296665406090806,0.75,0.333333333333333,1,2,1,0.545682311675297,0.242424242424242,1
"DEV0810",4,3,1,10,3,2,0.0544405418966382,0.865373026395083,0.141481102484817,0.2,0,2,1,2,0.513612827793553,0.0404040404040404,1
"DEV0524",1,1,4,5,1,1,0.293401906673357,0.885862359889117,0.750316997753209,0.8,1,1,1,1,0.79989978286287,0.222222222222222,2
"DEV0437",1,4,5,9,2,2,0.00865529352734573,0.688562130890683,0.421395679932374,0.3,0.958333333333333,2,1,2,0.795724068815768,0.484848484848485,2
"DEV0732",3,2,5,1,2,3,0.792398394380331,0.627335181390864,0.969835161168331,0.1,0.791666666666667,1,1,1,0.455653916819776,0.525252525252525,1
"DEV0562",1,2,4,5,1,3,0.962117410938284,0.115463420513439,0.868284652859653,0.55,0.666666666666667,2,2,1,0.0190412560547854,0.848484848484849,2
"DEV0204",3,4,3,4,3,1,0.173607626693427,0.640713510907557,0.22750428225035,0.45,0.625,1,2,1,0.789376983464172,0.444444444444444,2
"DEV0720",4,1,3,3,4,1,0.436151530356247,0.00373629022538267,0.359264120303428,0,0.583333333333333,1,2,2,0.0223818272924671,0.494949494949495,2
"DEV0965",2,1,5,1,3,3,0.461615654791771,0.875738218633241,0.521122060819078,0.05,0.291666666666667,1,1,1,0.829129781192584,0.95959595959596,2
"DEV0624",2,1,2,9,2,3,0.404791771199197,0.5779197300229,0.338509109514382,1,1,1,1,2,0.509103056622682,0.555555555555556,2
"DEV0384",1,1,4,4,2,2,0.896011038635223,0.946366156442087,0.140902720619313,0.3,0.708333333333333,2,2,2,0.0664773676298648,0.555555555555556,2
"DEV0122",2,1,4,1,3,3,0.488208730556949,0.854525732192359,0.488487976330834,0.65,0.375,2,1,2,0.331384666778019,0.525252525252525,2
"DEV0399",2,3,2,9,2,1,0.378700451580532,0.268892370736411,0.928191666852045,0.6,0.833333333333333,2,1,2,0.155002505428428,0.474747474747475,2
"DEV0634",1,2,4,3,4,3,0.597842448569995,0.560081957333976,0.147643093898071,0.9,0.416666666666667,2,1,2,0.799231668615333,0.424242424242424,2
"DEV0315",2,3,2,5,4,2,0.706598093326643,0.76449319030975,0.460903610437568,0.95,0.25,2,2,2,0.0749958242859529,0.929292929292929,1
"DEV0259",1,3,4,2,3,1,0.759909683893628,0.132819091237797,0.573354392365359,0.1,0.208333333333333,2,1,1,0.689660932019375,0.818181818181818,1
"DEV0494",2,4,5,10,2,1,0.99096838936277,0.427021815113897,0.0281849932151358,0.1,0.0833333333333333,1,2,1,0.434775346584266,0.474747474747475,2
"DEV0780",1,4,3,6,2,3,0.445810336176618,0.988550078341569,0.910840210886926,0.5,0.458333333333333,1,2,2,0.354434608318022,0.909090909090909,1
"DEV0048",1,1,1,8,4,2,0.27646763672855,0.853682053754369,0.412853424688007,0.6,0.0833333333333333,2,1,1,0.459829630866878,0.151515151515152,2
"DEV0331",2,4,3,7,1,1,0.968389362769694,0.122453898999638,0.260561030409539,0.2,0.5,1,2,2,0.816769667613162,0.818181818181818,1
"DEV0100",4,2,4,9,2,1,0.145509282488711,0.258045076533687,0.0298534024425511,1,1,1,2,2,0.26474027058627,0.0606060606060606,2
"DEV0108",4,4,1,4,4,3,0.164074259909684,0.120284440159094,0.84247992347563,0.65,0.708333333333333,1,1,2,0.730916986804744,0.494949494949495,2
"DEV0301",1,3,4,1,1,1,0.715127947817361,0.630830420633964,0.310168398104687,0.9,0.5,1,2,1,0.028394855520294,0.555555555555556,1
"DEV0010",3,3,3,3,4,2,0.920973406924235,0.912257442449078,0.528574288701533,0.9,0.875,2,1,1,0.553031568398196,0.171717171717172,2
"DEV0697",2,4,4,10,1,3,0.82589061716006,0.197541279980716,0.451538273307677,0.1,0.166666666666667,2,2,1,0.103891765491899,0.606060606060606,1
"DEV0851",3,2,5,1,4,3,0.159433015554441,0.628299385319995,0.479812248348275,0.25,0.583333333333333,1,2,2,0.138967763487556,0.95959595959596,2
"DEV0980",4,2,3,5,4,2,0.336678374310085,0.288417500301314,0.442773563499655,0.6,0.833333333333333,1,1,1,0.344245866043093,0.0505050505050505,2
"DEV0402",4,4,2,8,3,2,0.891244355243352,0.109798722429794,0.852735078860143,0.05,0.291666666666667,2,2,2,0.065141139134792,0.202020202020202,1
"DEV0889",1,4,2,7,3,1,0.399397892624185,0.372423767626853,0.499899895446355,0.1,0.291666666666667,1,1,1,0.975279772841156,0.404040404040404,1
"DEV0804",2,4,1,1,3,3,0.586427496236829,0.11474026756659,0.481547393944787,0.05,0.916666666666667,2,2,1,0.890095206280274,0.222222222222222,2
"DEV0925",3,4,1,7,1,3,0.764425489212243,0.166445703266241,0.247680911173893,0,0.333333333333333,1,2,2,0.653582762652414,0.373737373737374,2
"DEV0395",3,4,3,8,3,1,0.0565730055193176,0.122453898999638,0.0516539496807777,0.95,0.333333333333333,1,1,2,0.17554701854017,0.0606060606060606,1
"DEV0986",3,2,4,7,4,1,0.888359257400903,0.185970832831144,0.00573932774230863,0.6,0.125,2,2,1,0.141473191915818,0.737373737373737,2
"DEV0008",1,1,2,3,3,1,0.348595082789764,0.753525370615885,0.812559784663982,0.4,0.166666666666667,1,1,2,0.623517621513279,0.97979797979798,2
"DEV0261",2,4,3,10,4,1,0.262794781736076,1,0.555869463662047,0.5,0.75,1,1,1,0.70335727409387,0.373737373737374,2
"DEV0541",4,1,4,9,1,1,0.430255895634721,0.276967578642883,0.214557426645608,0.4,0.875,1,1,1,0.601302822782696,0.575757575757576,2
"DEV0306",3,1,2,7,2,1,0.150652282990467,0.609738459684223,0.974106288790514,0.15,0,2,1,2,0.828795724068816,0.464646464646465,2
"DEV0853",2,1,5,4,1,3,0.743100852985449,0.95974448595878,0.857273151958712,0.25,0.458333333333333,2,1,1,0.882912978119259,0.383838383838384,2
"DEV0883",3,1,4,9,1,1,0.0668590065228299,0.320838857418344,0.445576491001713,0.35,0.75,1,1,1,0.76515784199098,0.0909090909090909,2
"DEV0282",1,1,1,7,2,3,0.296537882589062,0.127033867663011,0.873045180521878,0.2,0.666666666666667,1,2,1,0.134457992316686,0.848484848484849,1
"DEV0267",1,3,2,1,4,1,0.6490215755143,0.109557671447511,0.310413098124708,0.4,0.291666666666667,2,2,2,0.496074828795724,0.0303030303030303,1
"DEV0262",1,2,4,8,3,1,0.420346211741094,0.254308786308304,0.222343336373546,0.6,1,2,2,1,0.186737932186404,0.454545454545455,2
"DEV0760",3,1,3,10,4,3,0.0480431510286001,0.539713149331083,0.248837674904901,0.9,0.875,1,2,2,0.738767329213295,0.575757575757576,1
"DEV0219",1,1,2,8,4,1,0.0352483692925238,0.956008195733398,0.0238026383111249,0.6,0.5,2,1,2,0.584766995156172,1,1
"DEV0352",3,2,3,9,3,1,0.804064224786754,0.555743039652887,0.831957822614731,0.8,0.25,1,2,1,0.370970435944547,0.323232323232323,2
"DEV0119",4,2,2,5,4,2,0.54666332162569,0.620947330360371,0.239338865036816,0.7,0.75,2,2,2,0.265909470519459,0.292929292929293,2
"DEV0452",3,1,4,9,4,2,0.373808329152032,0.789080390502591,0.900674037327876,0.3,0.541666666666667,1,1,2,0.140303991982629,0.666666666666667,2
"DEV0036",3,2,1,2,1,3,0.191169091821375,0.297336386645776,0.898071318933108,0.95,0.208333333333333,2,1,2,0.425254718556873,0.262626262626263,1
"DEV0870",2,2,4,6,4,1,0.585173105870547,0.792093527781126,0.482103530353925,1,0.0833333333333333,1,1,1,0.492567228996158,0.97979797979798,1
"DEV0961",4,3,2,3,4,2,0.659558454591069,0.53236109437146,0.395457477810157,0.5,0,2,2,2,0.319859696008017,0.484848484848485,1
"DEV0240",3,4,4,6,1,3,0.0125439036628199,0.1523442208027,0.331034636175561,0.5,0.75,1,2,2,0.876732921329547,0.888888888888889,2
"DEV0304",1,1,4,8,1,3,0.896638233818364,0.739423888152344,0.232843191778079,0,0.833333333333333,1,1,1,0.108902622348422,0.898989898989899,2
"DEV0600",2,1,2,7,2,3,0.470647265429001,0.251536700012053,0.337463573065201,0.5,0.166666666666667,1,1,2,0.541005511942542,0.0808080808080808,2
"DEV0694",1,2,3,6,4,3,0.769944806823884,0.11293238519947,0.27346339510155,0.7,0.208333333333333,2,1,1,0.775012527142141,0.929292929292929,1
"DEV0105",2,2,1,8,3,1,0.93527345709985,0.753886947089309,0.365915511756724,0,0.291666666666667,2,1,1,0.47502922999833,0.0606060606060606,1
"DEV0388",2,2,2,2,1,3,0.653286502759659,0.188381342653971,0.691322047471804,0.75,0.916666666666667,1,2,2,0.884249206614331,0.727272727272727,1
"DEV0934",2,4,3,8,4,2,0.566482689412945,0.857900445944317,0.336662736636042,0.25,0.958333333333333,1,2,1,0.597628194421246,0.232323232323232,2
"DEV0180",1,4,4,1,3,2,0.436276969392875,0.61733156562613,0.709429848953351,0.1,0.916666666666667,2,1,2,0.811424753632871,0.484848484848485,2
"DEV0906",1,3,1,6,2,2,0.682764676367286,0.985416415571893,0.715591840366605,0.85,0.791666666666667,1,2,2,0.643895106063137,0.101010101010101,2
"DEV0615",1,1,4,8,2,3,0.418966382338184,0.88791129323852,0.728761150535003,0.75,0,2,2,2,0.59328545181226,0.131313131313131,1
"DEV0241",3,4,2,9,1,1,0.730556949322629,0.945763528986381,0.472137565902164,0.15,0.375,1,1,1,0.841990980457658,0.313131313131313,1
"DEV0703",3,2,3,8,3,2,0.2548921224285,0.192479209352778,0.589549084599471,0.35,0.458333333333333,2,2,1,0.493402371805579,0.626262626262626,1
"DEV0559",1,2,5,6,4,2,0.898394380331159,0.198505483909847,0.496474095166062,0.6,0.958333333333333,2,2,1,0.445799231668615,0.757575757575758,1
"DEV0037",4,4,3,1,4,2,0.96236828901154,0.233096299867422,0.263719885213445,0.2,0.25,2,2,1,0.131618506764657,0.404040404040404,2
"DEV0303",3,2,2,9,1,2,0.949071751128951,0.663372303242136,0.753231152537094,0.55,0.0416666666666667,2,1,2,0.846333723066645,0.777777777777778,1
"DEV0019",4,1,4,1,1,2,0.748871048670346,0.713028805592383,0.931328276199586,0.95,0.5,2,2,1,0.80808418239519,0.515151515151515,2
"DEV0378",3,2,5,10,3,2,0.0837932764676367,0.853079426298662,0.893221809445421,0.2,0.333333333333333,2,1,1,0.618506764656756,0.151515151515152,2
"DEV0549",2,4,5,4,4,2,0.40253386853989,0.944919850548391,0.97123662491936,0,0.666666666666667,1,2,1,0.62151327877067,0.181818181818182,2
"DEV0990",1,4,4,9,3,2,0.839187155042649,0.526816921778956,0.36453629346206,0.5,0,1,2,1,0.38500083514281,0.191919191919192,1
"DEV0733",3,1,4,10,2,1,0.489212242849975,0.0847294202723876,0.593664494027095,1,0.0416666666666667,1,1,1,0.531818941038918,0.848484848484849,2
"DEV0188",3,2,2,9,3,1,0.670973406924235,0.660720742437025,0.458323137499166,0.7,0.875,1,1,2,0.193753131785535,0.313131313131313,2
"DEV0860",4,2,3,10,4,2,0.0102860010035123,0.624442569603471,0.887371254421284,0.8,0.875,2,1,2,0.489059629196593,0.0606060606060606,2
"DEV0393",4,4,5,9,3,1,0.54390366281987,0.673014342533446,0.30387293395324,0.1,0.333333333333333,1,2,2,0.759144813763153,0.191919191919192,2
"DEV0139",1,4,2,2,3,3,0.911314601103864,0.526816921778956,0.486619357996129,0.6,1,2,2,1,0.765825956238517,0.767676767676768,2
"DEV0992",1,3,2,5,3,3,0.626191670847968,0.910329034590816,0.27077169488132,0.8,0.125,1,2,1,0.426925004175714,0.252525252525253,1
"DEV0371",4,1,4,9,3,2,0.925363773206222,0.0283234904182234,0.928302894133873,0,0.791666666666667,1,2,1,0.115583764823785,0.717171717171717,2
"DEV0189",4,3,2,3,3,1,0.887104867034621,0.78630830420634,0.369719484795231,0.75,0.0833333333333333,2,1,1,0.347085351595123,0.696969696969697,1
"DEV0311",2,1,2,8,3,3,0.121801304565981,0.738339158732072,0.223099681889974,0.45,0.291666666666667,1,1,2,0.0190412560547854,0.141414141414141,1
"DEV0547",4,1,3,4,2,2,0.061841445057702,0.11642762444257,0.00867572798255956,0.45,0.0416666666666667,1,2,1,0.710372473693002,0.787878787878788,1
"DEV0418",3,3,4,5,1,1,0.240466633216257,0.702543087863083,0.323471181011278,0.1,0.208333333333333,1,1,1,0.648738934357775,0.858585858585859,1
"DEV0382",1,1,2,4,1,2,0.754390366281987,0.72592503314451,0.832513959023869,0.4,0.958333333333333,1,1,2,0.672791047269083,0.545454545454545,1
"DEV0038",4,3,2,2,4,2,0.160812844957351,0.612510545980475,0.36822903921874,0,0.458333333333333,1,1,2,0.18373141807249,0.313131313131313,1
"DEV0816",4,1,4,6,1,2,0.65529352734571,0.665541762082681,0.185994260672258,0.6,0.5,2,1,1,0.356605979622516,0.0909090909090909,2
"DEV0319",4,4,4,1,4,1,0.522579026593076,0.844281065445342,0.678464173692523,0.4,0.708333333333333,1,2,2,0.189744446300317,0.757575757575758,2
"DEV0596",1,4,5,7,1,1,0.747742097340692,0.130529106906111,0.000200209107289828,0.15,0.25,1,2,1,0.468181058961083,0.97979797979798,1
"DEV0120",1,2,5,10,4,1,0.165077772202709,0.485597203808605,0.910662247236002,0.65,0.0416666666666667,2,1,1,0.999331885752464,0.646464646464647,1
"DEV0604",3,2,5,3,4,2,0.759909683893628,0.121007593105942,0.0445798945565368,0.9,0.208333333333333,1,2,2,0.0878570235510273,0.606060606060606,1
"DEV0533",1,2,5,4,3,2,0.969769192172604,0.521995902133301,0.905879474117412,0.45,1,1,1,2,0.192249874728579,0.414141414141414,1
"DEV0441",4,3,1,1,1,3,0.617912694430507,0.410027720862963,0.0759237425755789,0.6,0.333333333333333,1,2,2,0.435276432269918,0.0606060606060606,1
"DEV0199",3,3,3,3,1,3,0.687280481685901,0.872966132336989,0.875269726158432,0.7,0.291666666666667,1,1,1,0.139301820611325,0.737373737373737,1
"DEV0499",4,3,2,3,4,2,0.0210737581535374,0.190671326985657,0.129468556047427,0.9,0.166666666666667,2,1,2,0.309670953733088,0.565656565656566,1
"DEV0944",3,4,4,3,1,2,0.984069242348219,0.0596601181149813,0.88779391809223,0.1,0.541666666666667,2,2,1,0.975613829964924,0.636363636363636,1
"DEV0609",3,4,1,10,4,2,0.471901655795284,0.760636374593227,0.632260360821302,0.9,0.416666666666667,2,1,2,0.458827459495574,0.141414141414141,1
"DEV0081",1,1,2,5,3,3,0.925740090316106,0.405086175726166,0.414076924788112,0.7,0.416666666666667,2,2,1,0.200100217137131,0.626262626262626,2
"DEV0942",2,4,3,7,4,2,0.353361766181636,0.835723755574304,0.586746157097413,0.3,0,1,1,2,0.0856856522465342,0.696969696969697,2
"DEV0717",2,2,3,6,2,3,0.693176116407426,0.991563215620104,0.151669521500234,0.65,0.541666666666667,2,2,1,0.291631869049608,0.565656565656566,1
"DEV0650",2,2,1,10,3,2,0.828273958855996,0.892732312884175,0.8667052254577,0.1,0.125,1,2,2,0.96358777350927,0.161616161616162,1
"DEV0006",1,3,1,9,4,3,0.646638233818364,0.566349282873328,0.897893355282184,0.8,0.333333333333333,1,2,2,0.887255720728245,0.141414141414141,2
"DEV0128",4,3,2,4,4,1,0.408931259407928,0.245389899963842,0.841011723355505,0.75,0.541666666666667,1,1,2,0.975112744279272,0.535353535353535,1
"DEV0049",4,4,5,3,1,1,0.239713998996488,0.477763046884416,0.68266856494561,0.4,0.958333333333333,2,2,1,0.633706363788208,0.0909090909090909,2
"DEV0476",3,2,5,8,4,3,0.759282488710487,0.223454260576112,0.823081885524881,0.1,0.166666666666667,2,2,2,0.0800066811424753,0.101010101010101,2
"DEV0239",2,1,1,3,4,2,0.762418464626192,0.779799927684705,0.585633884279136,0.8,0.25,1,1,1,0.511274427927176,0.212121212121212,2
"DEV0340",3,2,1,5,2,2,0.991219267436026,0.421116066047969,0.794340755900607,0.75,0.5,1,1,1,0.179555704025388,0.878787878787879,2
"DEV0193",4,4,5,10,2,2,0.828399397892624,0.433289140653248,0.93459835828532,0.2,0.0833333333333333,2,2,1,0.107566393853349,0.646464646464647,2
"DEV0824",3,3,2,10,4,1,0.477671851480181,0.619380498975533,0.321825017240229,0.4,0.25,1,2,1,0.328879238349758,0.909090909090909,1
"DEV0561",4,4,4,3,2,1,0.318740592072253,0.55514041219718,0.555624763642026,0.75,0.166666666666667,1,1,2,0.670285618840822,0.565656565656566,2
"DEV0645",2,3,3,6,1,1,0.0441545408931259,0.0351934434132819,0.783662936845149,0.6,0.5,2,1,2,0.253382328378153,0.868686868686869,1
"DEV0190",1,3,4,8,1,3,0.415203211239338,0.174641436663854,0.417613952350232,0.05,0.291666666666667,1,1,1,0.950726574244196,0.0707070707070707,2
"DEV0191",2,2,4,8,3,3,0.52295534370296,0.515367000120526,0.972816052321313,0.85,0.791666666666667,2,1,1,0.68982796058126,0.0707070707070707,2
"DEV0446",1,1,4,4,1,2,0.333918715504265,0.299264794504038,0.117834182368251,0.6,0.833333333333333,2,2,1,0.802906296976783,0.282828282828283,1
"DEV0668",3,4,5,3,4,3,0.340190667335675,0.886103410871399,0.825640113006918,0.6,0.916666666666667,1,1,1,0.498914314347753,0.98989898989899,1
"DEV0630",4,3,2,3,2,1,0.255268439538384,0.765095817765457,0.142393166195804,0.95,0.375,2,2,2,0.263237013529314,0.737373737373737,2
"DEV0571",1,3,2,3,1,2,0.723908680381335,0.573339761359528,0.61995862345116,0.9,0.458333333333333,1,2,2,0.243360614665108,0.161616161616162,1
"DEV0512",3,4,5,5,4,3,0.658931259407928,0.63480776184163,0.277756768180099,0.35,0.583333333333333,1,1,1,0.0594621680307333,0.636363636363636,1
"DEV0059",1,1,3,5,4,3,0.210361264425489,0.709654091840424,0.483616221386782,0,0.833333333333333,2,1,1,0.0703190245531986,0.212121212121212,1
"DEV0305",3,2,2,3,2,2,0.816984445559458,0.815716524044835,0.314372789357774,0.1,0.375,1,2,2,0.99098045765826,0.646464646464647,2
"DEV0832",2,4,3,9,3,2,0.308454591068741,0.799325057249608,0.552421417925389,0.65,1,1,2,2,0.258393185234675,0.222222222222222,2
"DEV0061",3,1,2,3,1,2,0.450702458605118,0.557671447511149,0.485173403332369,0.85,0.333333333333333,1,1,2,0.33672958075831,0.494949494949495,2
"DEV0570",3,4,5,10,1,3,0.570120421475163,0.373508497047126,0.655462371810558,0.9,0.958333333333333,2,2,1,0.446133288792384,0.838383838383838,1
"DEV0591",4,3,5,6,1,2,0.17059708981435,0.372062191153429,0.371343403109915,0.25,0.166666666666667,1,2,1,0.474862201436446,0.0707070707070707,1
"DEV0676",2,4,4,1,3,1,0.821374811841445,0.189586597565385,0.914866638489089,0.95,0.166666666666667,1,2,1,0.51595122765993,0.646464646464647,1
"DEV0770",2,3,4,10,2,1,0.155418966382338,0.418705556225142,0.987030898938892,0.45,0.833333333333333,1,1,1,0.937698346417237,0.404040404040404,2
"DEV0955",1,3,1,4,1,3,0.622052182639237,0.571049777027841,0.238360064956733,0.3,0.458333333333333,2,2,1,0.462001002171371,1,1
"DEV0510",3,1,3,4,1,3,0.578775715002509,0.299144269012896,0.0656463417347007,0.5,0.833333333333333,1,1,2,0.931685318189411,0.606060606060606,2
"DEV0962",3,4,4,1,2,3,0.473908680381335,0.155598409063517,0.954263341712455,0.45,0.958333333333333,1,1,1,0.981793886754635,0.0909090909090909,2
"DEV0088",4,3,3,4,1,2,0.57313095835424,0.190068699529951,0.27984784107846,0.1,0.333333333333333,1,2,1,0.375647235677301,0.595959595959596,2
"DEV0132",4,3,5,1,2,1,0.256397390868038,0.690249487766663,0.195671034191266,0.9,0.291666666666667,1,2,1,0.626691164189076,0.0909090909090909,1
"DEV0438",4,3,1,9,3,1,0.0381334671349724,0.599373267446065,0.831357195292861,0.95,0.416666666666667,1,2,2,0.42675797561383,0.848484848484849,2
"DEV0777",3,2,5,7,3,3,0.079528349222278,0.662769675786429,0.476987075389852,0.9,0.708333333333333,1,1,2,0.0698179388675464,0.636363636363636,2
"DEV0788",1,3,4,5,1,1,0.764300050175615,0.412558756176931,0.136320156608013,0.35,0.958333333333333,1,2,1,0.616502421914147,0.555555555555556,1
"DEV0471",4,3,4,8,3,1,0.872303060712494,0.0161504158129445,0.36513692078393,0.5,0.666666666666667,2,2,1,0.721730415901119,0.484848484848485,2
"DEV0251",3,2,3,9,4,1,0.585423983943803,0.050259129805954,0.129134874201944,0.75,0.75,1,2,2,0.741272757641557,0.141414141414141,2
"DEV0203",2,2,4,8,2,2,0.810712493728048,0.999758949017717,0.18463728783396,1,0,1,1,1,0.0654751962585602,0.111111111111111,1
"DEV0246",3,1,1,7,1,3,0.119668840943302,0.209352778112571,0.862723288768269,0.05,0.708333333333333,1,1,1,0.574745281443127,0.515151515151515,2
"DEV0481",1,1,2,3,3,3,0.538886101354742,0.902494877666626,0.12666562854537,0.55,1,1,2,1,0.527476198429932,0.898989898989899,1
"DEV0574",3,2,5,10,1,3,0.436527847466131,0.957454501627094,0.967610615531778,0.9,0.0833333333333333,2,2,2,0.465675630532821,0.262626262626263,1
"DEV0440",4,2,5,3,1,1,0.385850476668339,0.336748222249006,0.986363535247926,0.8,0.75,1,2,2,0.631367963921831,0.242424242424242,2
"DEV0435",1,2,3,7,3,3,0.732187656798796,0.813064963239725,0.651725135141147,0.6,0.5,2,1,2,0.310506096542509,0.474747474747475,2
"DEV0626",4,4,1,6,3,2,0.945183140993477,0.732794986139569,0.294685560474273,0,0.916666666666667,1,2,2,0.718723901787206,0.414141414141414,1
"DEV0492",2,1,5,7,2,2,0.907425990968389,0.714957213450645,0.169154450203546,0.65,0.916666666666667,2,2,2,0.847168865876065,0.484848484848485,1
"DEV0817",1,4,5,9,1,1,0.580030105368791,0.320959382909485,0.622739305496852,0.45,0.791666666666667,2,1,1,0.851845665608819,0.737373737373737,1
"DEV0131",2,3,5,1,3,3,0.147265429001505,0.911654814993371,0.20721642604498,0.5,0.583333333333333,2,1,2,0.22381827292467,0.181818181818182,1
"DEV0667",4,1,3,9,1,1,0.424611138986453,0.610702663613354,0.520832869886326,0.65,0.416666666666667,1,1,1,0.674628361449808,0.343434343434343,2
"DEV0478",4,4,5,1,1,2,0.426116407425991,0.0174761962154996,0.439436745044825,0.45,0.833333333333333,1,1,2,0.148321362953065,0.282828282828283,2
"DEV0162",1,2,4,7,4,3,0.0265930757651781,0.479450403760395,0.973883834226859,0.5,0.75,2,1,1,0.316853181894104,0.929292929292929,2
"DEV0322",2,3,5,4,4,1,0.0289764174611139,0.0133783295166928,0.192556670300091,0.9,0.75,2,2,2,0.464339402037749,0.121212121212121,2
"DEV0692",4,3,2,8,1,1,0.622303060712494,0.488489815595999,0.0791938246613129,0.25,0.833333333333333,2,1,2,0.31217638216135,0.363636363636364,1
"DEV0168",4,3,4,3,1,3,0.168464626191671,0.686392672050139,0.880252708384312,0.65,0.416666666666667,1,1,1,0.629196592617338,0.191919191919192,2
"DEV0442",3,3,3,9,2,1,0.459984947315605,0.0357960708689888,0.32645207216426,0.55,0.708333333333333,1,1,1,0.684817103724737,0.888888888888889,2
"DEV0276",1,1,2,9,3,1,0.729302558956347,0.561046161263107,0.594265121348964,0.8,0.25,2,2,2,0.969934858860865,0.96969696969697,1
"DEV0078",4,3,4,10,1,1,0.629327646763673,0.918645293479571,0.0234689564656419,0.3,0.541666666666667,2,1,1,0.150325705695674,0.535353535353535,1
"DEV0957",4,3,4,1,2,1,0.701078775715003,0.480414607689526,0.0717638422352234,0.7,0.541666666666667,1,1,1,0.689493903457491,0.767676767676768,1
"DEV0819",2,1,2,10,4,3,0.908680381334671,0.821622273110763,0.0933641803661602,0.2,1,1,2,2,0.421246033071655,0.94949494949495,2
"DEV0527",4,2,4,6,2,3,0.368163572503763,0.972761239002049,0.210553244499811,0.25,0,1,2,1,0.300651411391348,0.303030303030303,2
"DEV0835",3,4,3,9,3,1,0.310210737581535,0.672652766060022,0.674548973372189,0.5,0.291666666666667,2,2,1,0.767329213295474,0.696969696969697,1
"DEV0095",2,3,1,4,2,1,0.439538384345208,0.410630348318669,0.660245144929148,0.45,0.208333333333333,1,1,2,0.404877234007015,0.393939393939394,2
"DEV0406",4,4,4,9,3,3,0.0324887104867035,0.976015427262866,0.290948323804863,0.25,0.0833333333333333,2,2,2,0.651745448471689,0.888888888888889,2
"DEV0552",4,3,1,1,3,1,0.933517310587055,0.0812341810292877,0.677752319088826,0.1,0.458333333333333,2,1,2,0.230833472523802,0.202020202020202,2
"DEV0379",3,3,5,3,3,3,0.941796287004516,0.187899240689406,0.900629546415145,0.65,0.166666666666667,2,1,1,0.692333389009521,0.464646464646465,1
"DEV0342",1,3,2,2,1,2,0.612644254892122,0.389899963842353,0.872266589549085,0.1,0.541666666666667,2,1,1,0.205445131117421,0.0606060606060606,2
"DEV0221",2,2,3,4,1,3,0.61214249874561,0.654694467879957,0.625519987542544,0.85,0.541666666666667,2,1,2,0.271922498747286,0.474747474747475,2
"DEV0184",3,3,4,3,4,1,0.31409934771701,0.26527660600217,0.953062087068716,0.65,0.5,2,1,1,0.337063637882078,0.555555555555556,2
"DEV0161",4,1,3,4,4,2,0.559708981435023,0.465951548752561,0.322025226347518,0.1,0.791666666666667,2,2,1,0.999331885752464,0.858585858585859,1
"DEV0504",1,2,5,4,2,3,0.235072754641244,0.174882487646137,0.890886036527039,0.6,0.5,2,2,2,0.871388007349257,0.828282828282828,2
"DEV0448",2,3,3,4,4,1,0.188409433015554,0.0666505966011811,0.465997819945276,0.45,0.166666666666667,1,1,2,0.493235343243695,0.393939393939394,1
"DEV0242",1,2,2,9,2,2,0.126567987957852,0.817283355429673,0.624785887482482,0.75,0.916666666666667,2,2,2,0.964756973442459,0.343434343434343,2
"DEV0181",2,3,1,1,2,1,0.900652282990467,0.829576955526094,0.22665895490846,0.3,0.208333333333333,2,1,1,0.476365458493402,0.111111111111111,1
"DEV0718",1,2,5,5,1,2,0.335549422980431,0.0430276003374714,0.148955575823638,0.3,0.958333333333333,1,1,2,0.270085184566561,0.666666666666667,1
"DEV0812",4,2,1,5,2,2,0.181510286001004,0.514402796191395,0.956176450959891,0.75,0.666666666666667,1,2,1,0.481042258226157,0.353535353535354,1
"DEV0918",4,2,2,10,4,2,0.0952082288008028,0.524647462938411,0.188530242697929,0.7,0.0833333333333333,1,2,2,0.626190078503424,0.888888888888889,1
"DEV0930",1,4,4,4,1,2,0.0603361766181636,0.523924309991563,0.489733721887304,0,0.5,1,2,2,0.0985468515116085,0.393939393939394,1
"DEV0414",1,2,4,9,4,3,0.227671851480181,0.90104857177293,0.152448112473027,0.8,0.0833333333333333,1,1,1,0.0489393686320361,0.191919191919192,1
"DEV0407",1,4,5,1,4,1,0.667461113898645,0.0966614438953839,0.911374101839699,0.85,0.375,2,2,1,0.212460330716553,0.101010101010101,1
"DEV0991",3,3,2,1,4,2,0.181886603110888,0.940219356393877,0.100126799101284,0.55,0.375,2,2,2,0.247202271588442,0.575757575757576,1
"DEV0949",4,1,2,3,4,1,0.544656297039639,0.180908762203206,0.624274241986074,0.25,0.875,1,2,2,0.994154000334057,0.787878787878788,1
"DEV0273",4,3,5,6,2,2,0.255895634721525,0.34940339881885,0.126710119458101,0.15,0.25,2,1,2,0.410723233672958,0.575757575757576,1
"DEV0187",1,1,1,4,3,3,0.354867034621174,0.419549234663131,0.44235089982871,0.85,0.583333333333333,2,1,2,0.218139301820611,0.858585858585859,1
"DEV0535",3,1,3,10,1,1,0.478549924736578,0.530312161022056,0.663648699753075,0.3,1,1,1,2,0.257558042425255,0.797979797979798,1
"DEV0171",1,1,4,5,1,1,0.686402408429503,0.166566228757382,0.556581318265744,0.05,0.333333333333333,1,1,2,0.0759979956572575,0.747474747474748,2
"DEV0501",1,3,2,6,2,2,0.309583542398394,0.706158852597324,0.42515516205815,0.05,0.875,2,1,1,0.698513445799232,0.636363636363636,1
"DEV0753",3,3,4,4,3,1,0.187782237832413,0.065324816198626,0.261250639556871,0.95,0.291666666666667,2,2,2,0.953566059796225,0.565656565656566,2
"DEV0601",2,2,1,2,4,1,0.778976417461114,0.836567434012294,0.216515026805775,0.15,0.958333333333333,2,2,1,0.729079672624019,0.464646464646465,2
"DEV0136",2,4,2,2,4,2,0.383090817862519,0.973243340966614,0.1950036705003,0.95,0.125,2,2,2,0.824620010021714,0.363636363636364,2
"DEV0079",2,4,3,9,4,1,0.323507275464124,0.447149572134506,0.602184503815096,0.65,0.25,2,2,1,0.176382161349591,0.737373737373737,1
"DEV0951",4,4,2,5,4,2,0.233692925238334,0.946968783897794,0.659177363023602,0.9,0.666666666666667,1,2,1,0.115416736261901,0.828282828282828,2
"DEV0670",2,3,2,6,4,1,0.0667335674862017,0.493551886223936,0.548306008497764,0.3,0.208333333333333,1,2,2,0.164690162017705,0.0404040404040404,2
"DEV0890",4,1,4,8,3,1,0.847842448569995,0.258888754971677,0.0271394567659555,0.3,0.0833333333333333,2,2,2,0.544680140303992,0.212121212121212,1
"DEV0295",4,4,1,1,2,3,0.401404917210236,0.943473544654694,0.403710542121772,0.9,0.25,2,1,1,0.0576248538500084,0.0202020202020202,2
"DEV0802",3,2,3,3,2,1,0.1441294530858,0.293117994455827,0.397682023446711,0.65,0.416666666666667,1,2,1,0.395189577417739,0.232323232323232,1
"DEV0505",4,1,5,4,4,1,0.870045158053186,0.938531999517898,0.91037305630325,0.6,0.0833333333333333,1,1,2,0.979455486888258,0.0303030303030303,1
"DEV0443",1,3,1,4,4,2,0.0748871048670346,0.44220802699771,0.196916779747737,0.75,0.916666666666667,2,1,2,0.620511107399365,0.464646464646465,2
"DEV0284",3,1,5,3,1,2,0.25,0.555984090635169,0.219562654327854,0.6,0.666666666666667,2,2,2,0.559879739435444,0.757575757575758,1
"DEV0595",4,4,5,10,4,2,0.0148018063221274,0.948294564300349,0.679442973772607,0.5,0.833333333333333,1,1,1,0.424252547185569,0.505050505050505,2
"DEV0087",4,3,2,8,1,2,0.0223281485198194,0.253224056888032,0.760305207661335,0.3,0.625,2,2,2,0.86086520795056,0.202020202020202,2
"DEV0805",4,2,2,4,1,3,0.841445057701957,0.773653127636495,0.441639045225013,0.35,0.5,1,1,2,0.5613829964924,0.282828282828283,1
"DEV0651",3,3,3,1,3,2,0.305444054189664,0.685307942629866,0.713300558360955,0.45,0.916666666666667,2,2,2,0.992483714715216,0.787878787878788,1
"DEV0138",1,1,5,6,1,2,0.519443050677371,0.592985416415572,0.43262963539697,0.35,0.0416666666666667,2,1,2,0.871889093034909,1,1
"DEV0365",1,3,2,9,4,2,0.221525338685399,0.195974448595878,0.825217449335973,0.85,0.416666666666667,2,2,2,0.0554534825455153,0.393939393939394,2
"DEV0803",2,2,4,9,1,2,0.785122930255896,0.456912136916958,0.61083798634129,0.25,0.0833333333333333,1,1,2,0.690997160514448,0.494949494949495,2
"DEV0933",2,3,2,7,4,1,0.356623181133969,0.00216945884054477,0.230151491557849,0.75,0.833333333333333,2,1,2,0.625521964255888,0.515151515151515,1
"DEV0644",2,2,1,3,4,1,0.621424987456096,0.420995540556828,0.366805330011345,0.9,0.0833333333333333,2,1,1,0.977952229831301,0.646464646464647,1
"DEV0754",4,2,1,1,3,2,0.984570998494732,0.0566469808364469,0.812448557382155,0.9,0.916666666666667,1,1,1,0.810756639385335,0.0505050505050505,1
"DEV0336",3,2,4,9,2,2,0.227420973406924,0.707002531035314,0.758547816608458,0.6,0.625,1,1,2,0.99181560046768,0.555555555555556,1
"DEV0739",2,1,4,2,3,2,0.614651279478174,0.398095697239966,0.351611683313683,0.6,0.333333333333333,1,1,1,0.402705862702522,0.0202020202020202,1
"DEV0232",1,3,1,2,3,2,0.404039136979428,0.738580209714355,0.577047138122038,0.3,0.0416666666666667,1,1,1,0.863871722064473,0.777777777777778,1
"DEV0334",3,3,1,8,3,2,0.33429503261415,0.610582138122213,0.346695437456899,0.85,0.833333333333333,2,2,2,0.501753799899783,0.313131313131313,1
"DEV0987",4,2,3,10,2,3,0.589312594079277,0.850186814511269,0.495873467844193,0,0.25,1,2,2,0.724068815767496,0.585858585858586,2
"DEV0433",1,1,5,2,2,3,0.0129202207727045,0.235988911654815,0.397481814339421,0,0.958333333333333,2,2,2,0.575079338566895,0.737373737373737,2
"DEV0328",1,1,2,3,2,3,0.731435022579027,0.612269494998192,0.18090005116455,0.35,0.625,2,1,1,0.154000334057124,0.0606060606060606,1
"DEV0876",4,2,2,5,1,2,0.479302558956347,0.679161142581656,0.67917602829622,0.7,0.75,1,2,1,0.226991815600468,0.919191919191919,2
"DEV0470",4,4,4,9,1,2,0.516432513798294,0.527901651199229,0.42041687985229,0.45,0,2,2,1,0.0985468515116085,0.878787878787879,2
"DEV0264",4,4,3,3,2,2,0.958605117912694,0.671206460166325,0.690810401975397,0.2,0,2,1,1,0.457324202438617,0.353535353535354,2
"DEV0779",2,4,1,4,2,2,0.542147516307075,0.800289261178739,0.85324672435655,0.25,0.416666666666667,1,2,1,0.672624018707199,0.181818181818182,2
"DEV0201",1,4,1,2,1,3,0.708354239839438,0.507773894178619,0.864947834404823,0.65,0,1,2,2,0.484382829463838,0.454545454545455,1
"DEV0820",1,3,1,3,3,3,0.185524335173106,0.24514884898156,0.678219473672502,0.75,0.291666666666667,1,1,2,0.99632537163855,0,1
"DEV0729",3,2,1,2,4,3,0.522328148519819,0.68566951910329,0.317754098725335,0.25,0.541666666666667,1,1,2,0.781860698179389,0.94949494949495,2
"DEV0620",1,4,5,6,4,1,0.86628198695434,0.464746293841147,0.398950014459547,0.7,0.916666666666667,1,1,2,0.349924837147152,0.393939393939394,2
"DEV0815",1,3,3,9,1,3,0.366407425990968,0.339520308545257,0.830400640669143,0.3,0.666666666666667,2,1,1,0.521630198763989,0,1
"DEV0707",4,2,1,8,2,3,0.174234821876568,0.994455827407497,0.209952617177941,0.7,0.208333333333333,1,1,1,0.830298981125773,0.292929292929293,1
"DEV0065",3,2,2,2,3,1,0.521700953336678,0.520911172713029,0.0972348897737637,0.35,0.0833333333333333,2,1,2,0.430599632537164,0.565656565656566,2
"DEV0507",4,1,5,1,3,2,0.0790265930757652,0.836687959503435,0.548884390363268,0.45,0.416666666666667,2,1,1,0.210957073659596,0.646464646464647,2
"DEV0029",4,4,5,10,4,1,0.502508780732564,0.650958177654574,0.274464440638,0,0.125,1,2,1,0.275931184232504,0.202020202020202,1
"DEV0823",2,3,4,9,3,3,0.263421976919217,0.835241653609738,0.367717393722332,0.15,0.833333333333333,2,2,1,0.430599632537164,0.828282828282828,1
"DEV0206",2,4,1,10,1,1,0.553186151530356,0.314933108352417,0.0970346806664739,0.7,0.541666666666667,1,1,1,0.657424419575748,0.232323232323232,2
"DEV0124",4,3,4,9,2,1,0.212242849974912,0.629504640231409,0.430716526149534,0.7,0,1,1,1,0.208451645231335,0.535353535353535,2
"DEV0691",2,1,4,1,2,1,0.216633216256899,0.259491382427383,0.471803884056681,0.7,0.0833333333333333,2,2,2,0.0350759979956573,0.888888888888889,1
"DEV0263",2,2,3,9,2,3,0.818866031108881,0.217066409545619,0.0311881298244834,0.95,0.958333333333333,2,1,2,0.639218306330383,0.0808080808080808,2
"DEV0228",3,1,5,4,1,3,0.338810837932765,0.695070507412318,0.59139545747781,0.85,0.375,2,2,2,0.340237180557875,0.373737373737374,1
"DEV0045",4,2,2,2,1,3,0.331159056698445,0.089670965409184,0.578960247369475,0.25,0.833333333333333,2,2,1,0.497244028728913,0.0505050505050505,2
"DEV0332",1,3,3,8,3,2,0.622303060712494,0.247318307822104,0.542700153493649,0.5,0.291666666666667,1,2,1,0.452480374143979,0.181818181818182,1
"DEV0281",2,4,4,1,2,3,0.427245358755645,0.68036639749307,0.608057304295598,0.7,0.458333333333333,2,2,1,0.285284783698012,0.373737373737374,2
"DEV0982",1,1,2,9,3,3,0.82313095835424,0.302157406291431,0.231908882610727,0.7,0.791666666666667,2,1,2,0.540337397695006,0.131313131313131,2
"DEV0632",2,4,5,5,2,2,0.913447064726543,0.218633240930457,0.157408849242542,1,0.25,2,2,1,0.866711207616503,0.686868686868687,1
"DEV0427",2,1,5,7,3,2,0.0682388359257401,0.352657587079667,0.103619335750673,1,1,2,1,2,0.558543510940371,0.232323232323232,2
"DEV0629",4,1,1,8,3,2,0.309583542398394,0.546462576835001,0.0555024136320156,0.4,0.291666666666667,1,1,1,0.228996158343077,1,2
"DEV0577",4,2,4,1,1,3,0.654039136979428,0.389417861877787,0.835428113807755,0.9,0.5,1,2,1,0.929680975446802,0.818181818181818,1
"DEV0268",4,4,1,5,4,1,0.201705970898144,0.795829818006508,0.458389873868262,0,0.25,1,2,1,0.580090195423417,0.777777777777778,1
"DEV0969",3,2,4,1,4,3,0.100476668339187,0.53151741593347,0.272951749605143,0.05,0.791666666666667,1,2,1,0.170035075997996,0.96969696969697,2
"DEV0327",3,2,1,6,1,1,0.269317611640743,0.141255875617693,0.810691166329277,1,0.5,2,2,1,0.879572406881577,0.929292929292929,1
"DEV0271",3,4,3,8,2,1,0.652282990466633,0.983849584187055,0.117567236891865,0.05,0.125,1,2,2,0.325538667112076,0.353535353535354,2
"DEV0746",4,1,1,4,1,2,0.628324134470647,0.279619139447993,0.904233310346362,0.15,0.833333333333333,2,2,1,0.136462335059295,0.545454545454545,2
"DEV0781",3,4,2,9,1,3,0.156046161565479,0.648186091358322,0.541810335239027,0.25,0.583333333333333,2,1,1,0.975613829964924,0.606060606060606,1
"DEV0167",4,4,3,2,1,3,0.564350225790266,0.469687838977944,0.174426623362178,0.45,0.0833333333333333,2,1,2,0.653081676966761,0.282828282828283,1
"DEV0255",3,3,4,2,1,1,0.430632212744606,0.21887429191274,0.162792249683002,0.45,0.0416666666666667,1,1,2,0.0298981125772507,0.656565656565657,2
"DEV0807",4,1,5,4,3,3,0.647390868038134,0.1348680245872,0.692323093008253,0.4,0.708333333333333,2,1,1,0.710372473693002,0.393939393939394,2
"DEV0612",3,1,5,9,2,2,0.658680381334671,0.164276244425696,0.823971703779503,0.6,0.791666666666667,1,2,2,0.169366961750459,0.454545454545455,1
"DEV0071",1,2,1,4,2,1,0.572629202207727,0.51572857659395,0.0690498965586279,0.9,0.708333333333333,2,2,1,0.256388842492066,0.626262626262626,2
"DEV0260",3,4,3,8,1,3,0.43176116407426,0.142461130529107,0.797699819811803,0.8,0.25,2,1,2,0.890262234842158,0.97979797979798,1
"DEV0530",4,4,4,9,3,1,0.173858504766683,0.948294564300349,0.959869196716571,0.25,0.541666666666667,2,1,2,0.573074995824286,0.747474747474748,2
"DEV0623",1,3,3,4,1,2,0.349473156046162,0.181149813185489,0.323916090138589,0,0.458333333333333,1,2,1,0.809253382328378,0.636363636363636,2
"DEV0451",1,1,3,9,2,3,0.869919719016558,0.265156080511028,0.570974128534247,0.65,0.208333333333333,1,2,1,0.822114581593453,0.0404040404040404,2
"DEV0636",3,1,1,2,3,2,0.616407425990968,0.76618054718573,0.279425177407515,0.5,0.125,2,2,1,0.821279438784032,0.656565656565657,2
"DEV0734",4,4,4,10,1,3,0.736327145007526,0.606363745932265,0.989010744555425,0.15,0.375,1,1,2,0.0739936529146484,0.111111111111111,2
"DEV0757",1,2,5,9,2,2,0.164952333166081,0.366397493069784,0.896669855182079,0.5,0.0416666666666667,1,2,1,0.287790212126274,0.191919191919192,1
"DEV0798",2,1,1,10,2,1,0.484320120421475,0.497167650958178,0.247258247502948,0.2,0,2,1,2,0.535326540838484,0.303030303030303,2
"DEV0841",1,4,1,2,2,1,0.33078273958856,0.956851874171387,0.175449914354993,0.7,0.791666666666667,2,1,2,0.338399866377151,0.666666666666667,1
"DEV0872",1,3,1,2,4,2,0.00363773206221775,0.674340122936001,0.577291838142059,0.3,0.5,1,2,1,0.144813763153499,0.363636363636364,1
"DEV0927",2,2,2,4,4,1,0.538258906171601,0.663131252259853,0.660489844949169,0.35,0.958333333333333,1,1,1,0.365458493402372,0.595959595959596,1
"DEV0046",3,1,2,4,1,1,0.576643251379829,0.515608051102808,0.449647409516606,0.85,0.833333333333333,2,1,2,0.765992984800401,0.838383838383838,2
"DEV0863",4,3,1,10,2,2,0.366783743100853,0.151259491382427,0.558383200231353,0.35,0.166666666666667,2,1,1,0.881242692500418,0.595959595959596,2
"DEV0558",2,4,5,5,1,1,0.0933266432513798,0.8476557791973,0.639957288723778,0.2,0.666666666666667,1,1,1,0.388508434942375,0.757575757575758,2
"DEV0719",3,2,1,6,2,3,0.926743602609132,0.252259852958901,0.0219117745200543,0.6,0.125,1,2,1,0.0851845665608819,0.383838383838384,1
"DEV0098",1,3,3,5,1,1,0.623306573005519,0.776063637459323,0.633572842746869,0.6,0.166666666666667,2,2,2,0.455653916819776,0.252525252525253,1
"DEV0434",4,3,5,1,1,1,0.872052182639237,0.671085934675184,0.54583676284119,0.3,0,2,2,1,0.343243694671789,0.212121212121212,2
"DEV0220",4,1,5,7,3,2,0.742222779729052,0.70664095456189,0.553956354414611,0.75,0.875,1,1,2,0.048772340070152,0.717171717171717,1
"DEV0566",1,3,2,5,3,2,0.0155544405418966,0.94479932505725,0.967810824639067,0.55,0.166666666666667,2,2,1,0.355269751127443,0.0707070707070707,1
"DEV0679",3,4,4,3,1,3,0.189287506271952,0.717367723273472,0.0880252708384312,0.4,0.916666666666667,1,2,2,0.785869383664607,0.131313131313131,2
"DEV0324",3,1,1,6,4,1,0.755644756648269,0.270338676630107,0.623473405556915,0.8,0.375,2,2,2,0.856689493903457,0.464646464646465,2
"DEV0931",1,3,2,6,4,2,0.00790265930757651,0.985175364589611,0.401285787377928,0.4,0.416666666666667,1,2,2,0.999331885752464,0.727272727272727,1
"DEV0721",1,1,5,2,1,1,0.377822378324135,0.301072676871158,0.551064445087091,0.65,0.375,1,1,1,0.97093703023217,0.131313131313131,1
"DEV0877",4,3,5,7,3,3,0.832664325137983,0.545136796432446,0.310168398104687,0.75,0.333333333333333,2,1,2,0.483046600968766,0.212121212121212,1
"DEV0275",3,1,3,1,2,1,0.794656297039639,0.729299746896469,0.198251507129669,0.65,0.333333333333333,2,1,1,0.693168531818941,0.313131313131313,2
"DEV0687",2,3,1,7,3,2,0.67410938283994,0.250813547065204,0.133406001824127,0.15,0.208333333333333,2,2,2,0.923333890095206,0.434343434343434,1
"DEV0231",3,1,2,9,3,1,0.412067235323633,0.191997107388213,0.211020399083487,0.95,0.208333333333333,2,2,1,0.689660932019375,0.363636363636364,1
"DEV0197",4,4,5,2,2,3,0.953963873557451,0.813908641677715,0.578493092785799,0.4,0.375,2,1,2,0.98730582929681,0.454545454545455,2
"DEV0831",1,4,5,10,1,1,0.307701956848971,0.334940339881885,0.679865637443552,0.95,0.666666666666667,2,2,1,0.127108735593787,0.464646464646465,2
"DEV0169",1,1,2,7,1,2,0.753135975915705,0.0272387609979511,0.881231508464396,0.6,1,1,2,2,0.697678302989811,0.494949494949495,1
"DEV0659",4,4,1,8,3,3,0.706347215253387,0.894540195251296,0.780125909283029,0.75,0.875,1,1,1,0.147653248705529,0.727272727272727,1
"DEV0960",3,2,3,1,2,2,0.53687907676869,0.47896830179583,0.732854314506262,0.4,0.958333333333333,2,1,2,0.60063470853516,0.343434343434343,2
"DEV0341",3,1,5,10,3,2,0.482940291018565,0.467518380137399,0.146842257468912,0.85,0.416666666666667,2,1,1,0.868715550359111,0.848484848484849,1
"DEV0911",2,1,4,1,3,1,0.212493728048169,0.943353019163553,0.637465797610838,0.65,0.958333333333333,2,1,2,0.90178720561216,0.585858585858586,1
"DEV0320",3,2,2,9,4,1,0.275213246362268,0.107870314571532,0.873467844192824,0,0.0416666666666667,2,2,1,0.238516786370469,0.646464646464647,2
"DEV0662",4,4,1,10,4,2,0.444555945810336,0.17427986019043,0.679087046470758,0.2,0.916666666666667,2,2,2,0.377818606981794,0.151515151515152,1
"DEV0002",4,1,3,8,3,2,0.592574009031611,0.59636013016753,0.0314105843881387,0.1,0.625,2,2,1,0.208952730916987,0.787878787878788,1
"DEV0274",1,2,1,8,1,1,0.396512794781736,0.963721827166446,0.815852112206082,0.5,0.125,1,2,1,0.953733088358109,0.373737373737374,1
"DEV0376",4,3,5,1,3,2,0.332538886101355,0.656502350247077,0.749449424954953,0.5,0.916666666666667,2,1,2,0.381493235343244,0.191919191919192,2
"DEV0639",2,3,2,10,4,2,0.442799799297541,0.413884536579487,0.429826707894912,0.15,0.666666666666667,1,2,2,0.614999164857191,0.929292929292929,1
"DEV0681",4,1,4,9,4,3,0.721901655795283,0.321803061347475,0.572820501412586,0.1,0.333333333333333,1,2,2,0.0736595957908803,0.929292929292929,1
"DEV0532",2,4,3,9,1,2,0.0640993477170095,0.391828371700615,0.46573087446889,0.05,0.75,1,2,1,0.862201436445632,0.97979797979798,2
"DEV0881",2,2,4,9,4,1,0.758153537380833,0.168494636615644,0.429203835116677,0.7,0.375,2,1,1,0.912644062134625,0.0606060606060606,1
"DEV0638",1,1,2,1,2,3,0.792774711490216,0.131131734361818,0.716103485863013,0.95,0.0416666666666667,1,2,1,0.662769333556038,0.191919191919192,1
"DEV0207",1,1,5,4,4,1,0.495484194681385,0.998553694106303,0.239939492358686,0.6,0.916666666666667,1,1,1,0.733422415233005,0.0404040404040404,2
"DEV0056",2,4,2,1,2,2,0.624686402408429,0.00277208629625166,0.0485173403332369,0.4,0.666666666666667,2,2,2,0.257725070987139,0.919191919191919,2
"DEV0750",1,3,5,9,1,3,0.761665830406422,0.0379655297095336,0.463795519765088,0.45,0.708333333333333,1,2,1,0.84616669450476,0.181818181818182,2
"DEV0613",1,4,1,1,3,2,0.432890115403914,0.815716524044835,0.799546192690143,0.65,0.25,1,2,2,0.421413061633539,0.777777777777778,1
"DEV0394",4,1,5,8,2,3,0.980180632212745,0.586597565385079,0.774609036104376,0.05,0.541666666666667,2,2,2,0.126774678470018,0.717171717171717,2
"DEV0958",4,2,4,9,1,2,0.163697942799799,0.340243461492106,0.834427068271306,0.3,1,2,1,1,0.869383664606648,0.676767676767677,1
"DEV0503",2,2,1,6,2,2,0.932388359257401,0.998794745088586,0.148933330367272,0.3,0.416666666666667,2,2,1,0.581092366794722,0.939393939393939,2
"DEV0647",4,2,1,10,2,3,0.288258906171601,0.899120163914668,0.661757835962005,0.6,1,1,1,1,0.98279605812594,0.181818181818182,2
"DEV0068",3,4,2,3,1,1,0.206347215253387,0.804146076895263,0.354258892621182,0.45,0.333333333333333,1,2,2,0.244195757474528,0.909090909090909,1
"DEV0725",1,4,1,1,3,2,0.713371801304566,0.85898517536459,0.964385024358775,0.9,0.541666666666667,2,1,1,0.229998329714381,0.535353535353535,2
"DEV0419",3,2,3,7,3,1,0.365027596588058,0.440882246595155,0.979667652881899,0.05,0.0833333333333333,1,2,2,0.0664773676298648,0.545454545454545,1
"DEV0053",4,1,5,8,1,3,0.759282488710487,0.924309991563216,0.26289680332792,0.35,0.0833333333333333,2,1,1,0.584766995156172,0.616161616161616,1
"DEV0922",2,1,5,10,3,1,0.48118414450577,0.908159575750271,0.870931862167152,0.5,0.166666666666667,1,1,2,0.80524469684316,0.111111111111111,2
"DEV0230",4,1,3,7,2,3,0.99648770697441,0.0981077497890804,0.752719507040687,0.9,0.416666666666667,1,1,1,0.278269584098881,0.131313131313131,2
"DEV0333",3,4,5,5,4,1,0.285248369292524,0.904302760033747,0.162836740595733,0.65,0.541666666666667,2,2,2,0.805411725405044,0.696969696969697,1
"DEV0677",2,4,1,6,1,3,0.713497240341194,0.121369169579366,0.126843592196294,0.05,0.916666666666667,1,2,1,0.0310673125104393,0.252525252525253,1
"DEV0256",3,4,1,4,2,2,0.683893627696939,0.611064240086778,0.611572086401353,0.1,0.75,2,1,1,0.67963921830633,0.666666666666667,1
"DEV0742",4,4,3,1,2,3,0.041018564977421,0.775340484512474,0.694302938624786,0.7,0.583333333333333,2,1,2,0.512944713546016,0.505050505050505,1
"DEV0318",1,3,1,6,1,1,0.147767185148018,0.749427503917078,0.730941205258826,0.5,0.833333333333333,1,2,1,0.803574411224319,0.303030303030303,2
"DEV0940",3,2,1,5,1,2,0.787506271951831,0.680004821019646,0.0164171467977665,0.35,0.75,2,2,2,0.848839151494906,0.333333333333333,1
"DEV0640",2,3,5,4,2,3,0.496864024084295,0.61202844401591,0.380953440259827,0.5,0.208333333333333,1,2,2,0.45214631702021,0.0505050505050505,1
"DEV0745",4,2,5,9,4,2,0.570120421475163,0.477039893937568,0.435165617422641,0.05,0.458333333333333,2,2,1,0.235176215132788,0.878787878787879,1
"DEV0678",1,4,2,10,4,3,0.0707476166583041,0.47547306255273,0.787756100816408,0.55,0.0416666666666667,1,1,2,0.355937865374979,0.767676767676768,1
"DEV0173",2,1,1,9,3,3,0.481936778725539,0.288779076774738,0.941316486107712,0,0.375,1,1,2,0.109737765157842,0.262626262626263,2
"DEV0702",3,1,1,3,3,2,0.807576517812343,0.64794504037604,0.140079638733789,0.3,0,1,1,1,0.76799732754301,0.313131313131313,1
"DEV0351",3,1,4,5,4,2,0.567360762669343,0.0641195612872122,0.134318065535114,0.7,0.875,2,1,2,0.319358610322365,0.505050505050505,1
"DEV0873",1,4,4,5,1,3,0.761038635223282,0.233337350849705,0.112650991035081,0.05,0.333333333333333,1,1,1,0.0506096542508769,0.909090909090909,2
"DEV0266",4,4,3,9,1,3,0.819994982438535,0.571049777027841,0.931817676239628,0.05,0.625,2,2,2,0.318523467512945,0.141414141414141,2
"DEV0372",4,4,2,4,4,1,0.0519317611640743,0.759310594190671,0.743910306319934,0.85,0.166666666666667,2,1,1,0.26106564222482,0.242424242424242,1
"DEV0172",2,2,1,3,2,3,0.120672353236327,0.58671809087622,0.0117456009610037,0.35,0.833333333333333,2,1,1,0.639552363454151,0.0202020202020202,2
"DEV0298",1,1,3,8,4,3,0.668213748118415,0.0167530432686513,0.0281182568460392,0.25,0.0416666666666667,2,2,2,0.708034073826625,0.101010101010101,1
"DEV0778",4,3,4,6,2,3,0.366658304064225,0.466192599734844,0.817431539608035,0.95,0.25,1,1,2,0.773509270085185,0.868686868686869,1
