Asset_ID,Resource_Name,Resource_Type,Public_Access,Open_Ports,Encryption_Status,IAM_Risk,Security_Group_Risk,Vulnerability_Count,Patch_Status,Logging_Enabled,Backup_Enabled,Dependency_Count,Misconfiguration_Count,Risk_Score,Risk_Level
ASSET-001,Cloud-Resource-1,RDS,No,14,Yes,Low,Medium,2,Outdated,No,Yes,9,3,37,Medium
ASSET-002,Cloud-Resource-2,VPC,Yes,14,No,Medium,Low,3,Updated,Yes,Yes,4,3,40,Medium
ASSET-003,Cloud-Resource-3,EC2,Yes,0,Yes,Low,Medium,0,Updated,No,Yes,9,2,30,Medium
ASSET-004,Cloud-Resource-4,RDS,No,20,Yes,Medium,Medium,9,Updated,No,Yes,9,3,40,Medium
ASSET-005,Cloud-Resource-5,VPC,Yes,2,No,Medium,High,8,Outdated,No,Yes,2,6,72,High
ASSET-006,Cloud-Resource-6,S3,No,15,No,Low,High,1,Updated,No,Yes,7,4,48,Medium
ASSET-007,Cloud-Resource-7,RDS,No,15,No,Medium,Medium,8,Updated,No,Yes,3,4,57,High
ASSET-008,Cloud-Resource-8,EC2,No,6,No,Medium,Low,9,Updated,Yes,Yes,2,3,36,Medium
ASSET-009,Cloud-Resource-9,S3,Yes,10,Yes,Low,Low,3,Outdated,No,No,8,5,65,High
ASSET-010,Cloud-Resource-10,EC2,Yes,14,Yes,Medium,Medium,0,Updated,No,Yes,9,3,43,Medium
ASSET-011,Cloud-Resource-11,VPC,Yes,3,Yes,Low,Medium,10,Updated,No,Yes,7,3,39,Medium
ASSET-012,Cloud-Resource-12,EC2,Yes,10,No,Medium,Medium,6,Updated,No,Yes,3,5,66,High
ASSET-013,Cloud-Resource-13,RDS,No,2,No,Medium,High,10,Updated,Yes,No,2,4,50,High
ASSET-014,Cloud-Resource-14,EC2,Yes,10,Yes,Low,Medium,10,Outdated,Yes,Yes,6,4,53,High
ASSET-015,Cloud-Resource-15,VPC,No,6,Yes,Medium,Medium,8,Outdated,Yes,Yes,1,3,41,Medium
ASSET-016,Cloud-Resource-16,EC2,No,12,No,Medium,Medium,6,Updated,Yes,No,2,4,54,High
ASSET-017,Cloud-Resource-17,Lambda,No,16,No,Medium,Medium,7,Outdated,Yes,No,2,5,66,High
ASSET-018,Cloud-Resource-18,S3,No,4,No,Medium,Medium,1,Updated,Yes,No,3,2,30,Medium
ASSET-019,Cloud-Resource-19,IAM,Yes,0,Yes,Low,Medium,8,Outdated,Yes,No,2,4,48,Medium
ASSET-020,Cloud-Resource-20,EC2,No,12,No,Low,High,1,Updated,No,No,6,5,66,High
ASSET-021,Cloud-Resource-21,IAM,Yes,12,No,High,Low,5,Updated,Yes,No,5,5,69,High
ASSET-022,Cloud-Resource-22,S3,No,12,No,High,Low,6,Updated,Yes,Yes,9,4,48,Medium
ASSET-023,Cloud-Resource-23,RDS,Yes,5,No,High,High,6,Updated,Yes,No,6,6,81,Critical
ASSET-024,Cloud-Resource-24,Lambda,Yes,18,Yes,High,Medium,7,Updated,Yes,No,1,5,67,High
ASSET-025,Cloud-Resource-25,VPC,Yes,2,No,Low,High,7,Outdated,No,No,3,7,94,Critical
ASSET-026,Cloud-Resource-26,RDS,No,9,Yes,Low,Low,9,Updated,No,Yes,1,3,36,Medium
ASSET-027,Cloud-Resource-27,Lambda,Yes,12,Yes,Medium,High,5,Updated,Yes,Yes,9,3,38,Medium
ASSET-028,Cloud-Resource-28,S3,Yes,5,No,Low,Medium,7,Outdated,No,Yes,4,5,60,High
ASSET-029,Cloud-Resource-29,IAM,No,6,No,Low,Medium,3,Outdated,Yes,Yes,9,3,44,Medium
ASSET-030,Cloud-Resource-30,RDS,Yes,1,No,High,Medium,9,Updated,No,Yes,2,5,65,High
ASSET-031,Cloud-Resource-31,S3,Yes,4,Yes,High,Medium,6,Updated,No,Yes,4,4,52,High
ASSET-032,Cloud-Resource-32,EC2,No,16,No,Low,Medium,10,Updated,Yes,Yes,10,3,46,Medium
ASSET-033,Cloud-Resource-33,IAM,Yes,18,No,High,High,10,Updated,Yes,Yes,4,6,80,Critical
ASSET-034,Cloud-Resource-34,IAM,No,16,No,Low,Low,6,Outdated,Yes,No,6,5,61,High
ASSET-035,Cloud-Resource-35,RDS,Yes,15,No,Medium,Low,6,Outdated,No,Yes,5,6,74,High
ASSET-036,Cloud-Resource-36,IAM,Yes,8,Yes,High,High,9,Updated,Yes,Yes,10,5,61,High
ASSET-037,Cloud-Resource-37,Lambda,Yes,4,Yes,Low,High,1,Outdated,Yes,No,3,4,50,High
ASSET-038,Cloud-Resource-38,VPC,No,15,No,High,Medium,1,Outdated,No,No,9,6,78,Critical
ASSET-039,Cloud-Resource-39,EC2,Yes,14,Yes,High,Medium,4,Outdated,Yes,No,3,5,65,High
ASSET-040,Cloud-Resource-40,RDS,No,18,No,Low,High,9,Outdated,Yes,No,5,6,76,Critical
ASSET-041,Cloud-Resource-41,Lambda,No,19,No,Medium,Medium,2,Updated,No,No,1,4,48,Medium
ASSET-042,Cloud-Resource-42,RDS,Yes,17,Yes,Medium,Medium,5,Outdated,Yes,Yes,7,3,37,Medium
ASSET-043,Cloud-Resource-43,Lambda,No,14,Yes,High,Medium,3,Outdated,No,No,1,5,66,High
ASSET-044,Cloud-Resource-44,Lambda,No,7,Yes,Medium,High,7,Updated,Yes,Yes,5,3,42,Medium
ASSET-045,Cloud-Resource-45,Lambda,Yes,2,No,Low,High,4,Updated,Yes,No,4,4,52,High
ASSET-046,Cloud-Resource-46,S3,No,17,Yes,Low,High,1,Outdated,Yes,No,7,4,50,High
ASSET-047,Cloud-Resource-47,RDS,Yes,14,No,Low,Low,9,Outdated,No,No,10,7,90,Critical
ASSET-048,Cloud-Resource-48,EC2,Yes,14,Yes,Medium,Low,7,Updated,Yes,No,9,4,48,Medium
ASSET-049,Cloud-Resource-49,VPC,No,6,Yes,High,High,2,Updated,No,No,1,5,64,High
ASSET-050,Cloud-Resource-50,Lambda,Yes,3,No,Medium,Low,3,Updated,No,Yes,1,3,36,Medium
ASSET-051,Cloud-Resource-51,Lambda,Yes,7,No,Medium,High,8,Outdated,No,Yes,8,7,94,Critical
ASSET-052,Cloud-Resource-52,IAM,Yes,12,Yes,Low,Low,7,Updated,No,Yes,5,4,51,High
ASSET-053,Cloud-Resource-53,Lambda,No,18,Yes,Low,Medium,0,Outdated,No,No,1,4,58,High
ASSET-054,Cloud-Resource-54,RDS,Yes,20,No,Medium,High,9,Outdated,Yes,No,1,7,88,Critical
ASSET-055,Cloud-Resource-55,IAM,Yes,16,No,Medium,Medium,10,Outdated,Yes,Yes,4,5,64,High
ASSET-056,Cloud-Resource-56,S3,No,12,Yes,Low,Medium,3,Outdated,No,No,9,4,57,High
ASSET-057,Cloud-Resource-57,VPC,Yes,3,No,High,High,10,Outdated,No,No,4,8,100,Critical
ASSET-058,Cloud-Resource-58,VPC,No,18,Yes,High,High,3,Updated,Yes,No,3,4,58,High
ASSET-059,Cloud-Resource-59,Lambda,No,12,Yes,High,Low,8,Updated,Yes,No,8,4,58,High
ASSET-060,Cloud-Resource-60,S3,Yes,2,Yes,Medium,Low,7,Updated,Yes,Yes,1,2,26,Medium
ASSET-061,Cloud-Resource-61,EC2,No,0,Yes,Low,Medium,9,Outdated,Yes,No,4,3,45,Medium
ASSET-062,Cloud-Resource-62,EC2,No,9,Yes,Medium,Low,4,Updated,No,No,3,3,44,Medium
ASSET-063,Cloud-Resource-63,EC2,No,1,No,High,Low,4,Updated,No,Yes,1,3,43,Medium
ASSET-064,Cloud-Resource-64,EC2,Yes,3,Yes,Low,High,4,Outdated,No,Yes,9,4,56,High
ASSET-065,Cloud-Resource-65,RDS,Yes,12,Yes,Low,Low,9,Updated,No,Yes,1,4,55,High
ASSET-066,Cloud-Resource-66,EC2,No,5,No,Medium,Low,2,Updated,No,No,5,3,37,Medium
ASSET-067,Cloud-Resource-67,VPC,No,0,Yes,Low,High,6,Outdated,Yes,Yes,6,3,38,Medium
ASSET-068,Cloud-Resource-68,IAM,Yes,0,No,Medium,High,7,Outdated,No,Yes,6,6,80,Critical
ASSET-069,Cloud-Resource-69,IAM,No,17,No,High,High,4,Outdated,Yes,Yes,5,5,61,High
ASSET-070,Cloud-Resource-70,RDS,No,8,No,Low,Low,1,Updated,No,No,1,4,49,Medium
ASSET-071,Cloud-Resource-71,VPC,No,8,No,High,High,8,Updated,No,Yes,9,6,75,Critical
ASSET-072,Cloud-Resource-72,VPC,Yes,17,Yes,Medium,Medium,8,Outdated,No,No,1,6,73,High
ASSET-073,Cloud-Resource-73,VPC,No,1,No,Medium,High,8,Updated,No,Yes,9,4,57,High
ASSET-074,Cloud-Resource-74,IAM,No,13,Yes,Medium,High,9,Updated,Yes,Yes,9,3,36,Medium
ASSET-075,Cloud-Resource-75,RDS,No,0,Yes,Low,Medium,6,Outdated,Yes,Yes,8,2,26,Medium
ASSET-076,Cloud-Resource-76,RDS,Yes,4,Yes,High,Low,0,Outdated,Yes,No,4,4,50,High
ASSET-077,Cloud-Resource-77,IAM,Yes,17,No,Medium,Low,4,Outdated,Yes,Yes,7,4,50,High
ASSET-078,Cloud-Resource-78,Lambda,Yes,12,No,Medium,Medium,9,Updated,Yes,Yes,10,4,55,High
ASSET-079,Cloud-Resource-79,RDS,No,1,No,Medium,Medium,0,Updated,Yes,No,3,2,31,Medium
ASSET-080,Cloud-Resource-80,VPC,No,6,No,Low,High,5,Updated,No,Yes,5,4,54,High
ASSET-081,Cloud-Resource-81,EC2,Yes,7,No,Low,Low,10,Updated,Yes,No,1,5,60,High
ASSET-082,Cloud-Resource-82,VPC,No,10,No,High,Low,3,Outdated,No,Yes,10,5,69,High
ASSET-083,Cloud-Resource-83,S3,No,13,No,Medium,High,2,Outdated,Yes,Yes,2,4,55,High
ASSET-084,Cloud-Resource-84,Lambda,Yes,15,Yes,Medium,High,10,Updated,Yes,No,3,5,68,High
ASSET-085,Cloud-Resource-85,RDS,No,18,Yes,High,Medium,1,Updated,No,Yes,1,3,41,Medium
ASSET-086,Cloud-Resource-86,VPC,No,0,Yes,High,Medium,0,Updated,No,Yes,3,2,30,Medium
ASSET-087,Cloud-Resource-87,VPC,Yes,8,Yes,High,Low,7,Outdated,Yes,No,2,6,80,Critical
ASSET-088,Cloud-Resource-88,S3,Yes,4,Yes,Medium,Low,9,Updated,No,Yes,6,3,42,Medium
ASSET-089,Cloud-Resource-89,EC2,No,0,Yes,Medium,Low,1,Updated,No,No,4,2,28,Medium
ASSET-090,Cloud-Resource-90,S3,No,6,Yes,High,High,10,Updated,Yes,No,6,5,64,High
ASSET-091,Cloud-Resource-91,EC2,No,7,Yes,High,Low,5,Outdated,Yes,No,9,4,57,High
ASSET-092,Cloud-Resource-92,S3,Yes,15,No,High,Low,5,Outdated,Yes,Yes,6,5,66,High
ASSET-093,Cloud-Resource-93,EC2,Yes,9,Yes,High,Low,0,Outdated,Yes,Yes,9,4,55,High
ASSET-094,Cloud-Resource-94,S3,Yes,10,Yes,Low,Low,8,Outdated,Yes,No,10,5,66,High
ASSET-095,Cloud-Resource-95,RDS,No,3,Yes,Medium,Medium,7,Outdated,Yes,Yes,10,2,29,Medium
ASSET-096,Cloud-Resource-96,EC2,Yes,0,No,Low,High,4,Outdated,Yes,No,1,5,69,High
ASSET-097,Cloud-Resource-97,VPC,No,17,No,Low,High,6,Outdated,No,No,7,7,84,Critical
ASSET-098,Cloud-Resource-98,S3,No,9,No,High,Low,2,Outdated,Yes,No,2,5,67,High
ASSET-099,Cloud-Resource-99,Lambda,No,11,Yes,Medium,Low,1,Updated,Yes,Yes,6,1,12,Low
ASSET-100,Cloud-Resource-100,VPC,No,14,No,High,Medium,0,Updated,Yes,No,2,4,51,High
ASSET-101,Cloud-Resource-101,S3,No,10,Yes,Low,High,3,Updated,Yes,No,9,3,39,Medium
ASSET-102,Cloud-Resource-102,RDS,Yes,4,Yes,Low,Medium,6,Outdated,No,Yes,6,4,50,High
ASSET-103,Cloud-Resource-103,EC2,No,14,No,High,Medium,3,Outdated,Yes,Yes,3,4,56,High
ASSET-104,Cloud-Resource-104,S3,Yes,3,Yes,Low,High,7,Updated,No,No,10,5,61,High
ASSET-105,Cloud-Resource-105,S3,Yes,9,No,High,High,2,Updated,Yes,Yes,5,5,60,High
ASSET-106,Cloud-Resource-106,VPC,No,14,No,Low,High,7,Updated,Yes,Yes,6,4,55,High
ASSET-107,Cloud-Resource-107,IAM,Yes,3,No,High,Medium,10,Outdated,No,Yes,8,6,77,Critical
ASSET-108,Cloud-Resource-108,RDS,No,0,Yes,High,Medium,1,Updated,Yes,No,1,2,30,Medium
ASSET-109,Cloud-Resource-109,S3,Yes,5,No,High,High,2,Outdated,No,Yes,2,6,73,High
ASSET-110,Cloud-Resource-110,RDS,No,1,Yes,Medium,Low,9,Updated,Yes,No,7,2,25,Medium
ASSET-111,Cloud-Resource-111,Lambda,Yes,0,No,Low,High,6,Outdated,Yes,No,9,6,77,Critical
ASSET-112,Cloud-Resource-112,S3,Yes,7,Yes,Medium,Low,1,Outdated,Yes,Yes,4,3,42,Medium
ASSET-113,Cloud-Resource-113,IAM,Yes,15,Yes,Low,Low,2,Outdated,Yes,Yes,5,3,46,Medium
ASSET-114,Cloud-Resource-114,VPC,Yes,7,No,Medium,Medium,9,Outdated,No,No,6,7,84,Critical
ASSET-115,Cloud-Resource-115,EC2,Yes,19,No,Low,High,3,Updated,No,Yes,9,5,65,High
ASSET-116,Cloud-Resource-116,RDS,No,18,Yes,Low,Low,8,Updated,Yes,Yes,6,2,26,Medium
ASSET-117,Cloud-Resource-117,RDS,No,11,Yes,High,Medium,10,Outdated,Yes,Yes,1,4,58,High
ASSET-118,Cloud-Resource-118,VPC,Yes,20,Yes,Low,Medium,7,Outdated,Yes,No,4,5,65,High
ASSET-119,Cloud-Resource-119,S3,Yes,0,Yes,Low,Medium,7,Updated,Yes,No,10,3,42,Medium
ASSET-120,Cloud-Resource-120,EC2,No,9,Yes,Medium,Medium,1,Outdated,Yes,No,4,3,39,Medium
ASSET-121,Cloud-Resource-121,EC2,No,20,No,Low,High,7,Updated,Yes,Yes,6,4,55,High
ASSET-122,Cloud-Resource-122,EC2,Yes,17,Yes,Low,Low,10,Updated,No,No,3,5,70,High
ASSET-123,Cloud-Resource-123,RDS,Yes,1,Yes,High,Medium,2,Outdated,Yes,No,8,4,48,Medium
ASSET-124,Cloud-Resource-124,IAM,No,7,No,Medium,Low,8,Outdated,No,Yes,8,5,61,High
ASSET-125,Cloud-Resource-125,IAM,No,14,Yes,Medium,Low,0,Outdated,No,No,8,4,57,High
ASSET-126,Cloud-Resource-126,S3,No,4,Yes,Low,Low,5,Updated,Yes,No,10,1,14,Low
ASSET-127,Cloud-Resource-127,VPC,Yes,13,No,Medium,Low,0,Updated,No,No,9,5,65,High
ASSET-128,Cloud-Resource-128,S3,Yes,10,Yes,Low,Medium,4,Outdated,No,Yes,5,4,53,High
ASSET-129,Cloud-Resource-129,Lambda,No,18,Yes,Medium,Medium,5,Updated,No,Yes,8,2,25,Medium
ASSET-130,Cloud-Resource-130,RDS,No,14,Yes,Medium,Low,7,Updated,No,Yes,4,3,44,Medium
ASSET-131,Cloud-Resource-131,RDS,No,20,Yes,Medium,High,8,Updated,Yes,Yes,2,3,46,Medium
ASSET-132,Cloud-Resource-132,RDS,No,17,No,Medium,Medium,1,Outdated,No,Yes,6,4,49,Medium
ASSET-133,Cloud-Resource-133,RDS,No,6,No,Medium,High,2,Updated,No,Yes,2,4,49,Medium
ASSET-134,Cloud-Resource-134,VPC,No,12,Yes,Medium,Low,9,Updated,Yes,Yes,3,2,30,Medium
ASSET-135,Cloud-Resource-135,IAM,Yes,13,No,High,Low,1,Outdated,No,Yes,1,6,78,Critical
ASSET-136,Cloud-Resource-136,Lambda,No,1,Yes,Medium,High,7,Outdated,No,No,6,5,66,High
ASSET-137,Cloud-Resource-137,RDS,Yes,9,No,Medium,Low,8,Updated,Yes,Yes,3,4,58,High
ASSET-138,Cloud-Resource-138,EC2,Yes,1,No,High,Low,4,Outdated,Yes,No,6,5,61,High
ASSET-139,Cloud-Resource-139,Lambda,No,10,No,Medium,Low,0,Updated,Yes,Yes,8,2,27,Medium
ASSET-140,Cloud-Resource-140,VPC,No,13,Yes,High,Low,5,Updated,No,No,4,4,55,High
ASSET-141,Cloud-Resource-141,RDS,Yes,16,Yes,Medium,High,5,Updated,Yes,Yes,5,3,39,Medium
ASSET-142,Cloud-Resource-142,Lambda,No,8,No,Medium,Low,9,Outdated,No,Yes,7,5,64,High
ASSET-143,Cloud-Resource-143,RDS,Yes,12,Yes,High,Medium,3,Updated,No,No,10,5,68,High
ASSET-144,Cloud-Resource-144,S3,Yes,6,No,Low,High,4,Updated,No,No,4,6,78,Critical
ASSET-145,Cloud-Resource-145,IAM,No,10,No,High,Medium,1,Outdated,No,Yes,5,5,68,High
ASSET-146,Cloud-Resource-146,EC2,No,15,No,Low,Medium,8,Updated,Yes,Yes,8,3,44,Medium
ASSET-147,Cloud-Resource-147,RDS,Yes,6,No,Medium,High,6,Outdated,No,No,10,8,100,Critical
ASSET-148,Cloud-Resource-148,S3,Yes,5,No,High,High,5,Outdated,No,Yes,6,6,81,Critical
ASSET-149,Cloud-Resource-149,RDS,Yes,9,No,High,High,10,Outdated,Yes,Yes,6,7,90,Critical
ASSET-150,Cloud-Resource-150,Lambda,No,0,No,Medium,Medium,1,Updated,Yes,Yes,6,1,17,Low
ASSET-151,Cloud-Resource-151,Lambda,No,2,Yes,Low,Low,9,Updated,Yes,No,1,2,26,Medium
ASSET-152,Cloud-Resource-152,EC2,Yes,8,Yes,Medium,Medium,5,Updated,No,Yes,7,3,44,Medium
ASSET-153,Cloud-Resource-153,IAM,Yes,12,Yes,Medium,High,6,Outdated,Yes,Yes,8,5,68,High
ASSET-154,Cloud-Resource-154,VPC,Yes,13,Yes,Low,High,5,Updated,No,No,10,5,67,High
ASSET-155,Cloud-Resource-155,IAM,No,8,No,Low,Medium,7,Updated,No,Yes,6,4,49,Medium
ASSET-156,Cloud-Resource-156,EC2,Yes,7,Yes,Medium,Medium,9,Updated,No,No,9,5,61,High
ASSET-157,Cloud-Resource-157,RDS,No,13,No,Medium,Low,5,Updated,No,Yes,9,3,43,Medium
ASSET-158,Cloud-Resource-158,VPC,Yes,7,Yes,Low,Low,3,Outdated,No,No,6,5,64,High
ASSET-159,Cloud-Resource-159,IAM,Yes,4,No,Medium,High,3,Outdated,No,Yes,10,5,67,High
ASSET-160,Cloud-Resource-160,S3,Yes,4,Yes,Medium,Medium,0,Outdated,Yes,No,10,3,43,Medium
ASSET-161,Cloud-Resource-161,IAM,Yes,1,Yes,High,Medium,1,Outdated,Yes,No,8,4,48,Medium
ASSET-162,Cloud-Resource-162,VPC,Yes,7,No,Medium,High,10,Updated,No,No,8,7,84,Critical
ASSET-163,Cloud-Resource-163,S3,No,2,No,High,High,9,Updated,No,Yes,7,5,67,High
ASSET-164,Cloud-Resource-164,Lambda,Yes,6,Yes,High,Medium,8,Updated,Yes,Yes,10,4,48,Medium
ASSET-165,Cloud-Resource-165,VPC,Yes,14,Yes,Medium,High,8,Updated,Yes,No,5,5,61,High
ASSET-166,Cloud-Resource-166,RDS,Yes,18,No,Medium,High,9,Outdated,No,No,2,8,100,Critical
ASSET-167,Cloud-Resource-167,S3,No,12,Yes,Low,High,1,Updated,No,No,7,4,53,High
ASSET-168,Cloud-Resource-168,IAM,No,8,Yes,High,Low,5,Updated,No,No,1,4,58,High
ASSET-169,Cloud-Resource-169,S3,Yes,14,Yes,Medium,Low,10,Updated,No,No,3,5,61,High
ASSET-170,Cloud-Resource-170,EC2,Yes,20,No,Low,High,1,Updated,Yes,No,3,5,61,High
ASSET-171,Cloud-Resource-171,IAM,Yes,0,No,High,Medium,8,Outdated,No,Yes,5,6,76,Critical
ASSET-172,Cloud-Resource-172,S3,Yes,5,No,High,Medium,3,Updated,Yes,No,5,4,52,High
ASSET-173,Cloud-Resource-173,IAM,Yes,16,No,Medium,Medium,4,Outdated,Yes,Yes,1,4,55,High
ASSET-174,Cloud-Resource-174,Lambda,No,19,No,Low,High,6,Outdated,No,Yes,2,6,74,High
ASSET-175,Cloud-Resource-175,IAM,No,4,No,Low,Low,0,Updated,No,Yes,8,2,24,Low
ASSET-176,Cloud-Resource-176,S3,Yes,1,Yes,Medium,High,5,Outdated,Yes,No,4,4,49,Medium
ASSET-177,Cloud-Resource-177,RDS,No,5,No,Medium,High,6,Updated,No,Yes,4,4,56,High
ASSET-178,Cloud-Resource-178,IAM,Yes,17,Yes,Medium,Medium,0,Outdated,No,Yes,3,4,52,High
ASSET-179,Cloud-Resource-179,RDS,No,6,No,Medium,Medium,1,Updated,Yes,No,7,3,42,Medium
ASSET-180,Cloud-Resource-180,S3,Yes,7,Yes,Low,Low,9,Updated,Yes,Yes,6,3,39,Medium
ASSET-181,Cloud-Resource-181,Lambda,Yes,15,No,High,Low,10,Outdated,Yes,No,3,7,89,Critical
ASSET-182,Cloud-Resource-182,VPC,No,14,No,Low,High,9,Outdated,No,No,10,7,87,Critical
ASSET-183,Cloud-Resource-183,S3,No,17,Yes,High,Medium,8,Updated,Yes,Yes,8,3,46,Medium
ASSET-184,Cloud-Resource-184,S3,No,15,Yes,Medium,Low,1,Outdated,Yes,Yes,10,2,25,Medium
ASSET-185,Cloud-Resource-185,Lambda,No,13,No,Medium,Low,4,Updated,Yes,No,9,3,38,Medium
ASSET-186,Cloud-Resource-186,VPC,No,10,No,Low,High,10,Outdated,No,Yes,4,6,81,Critical
ASSET-187,Cloud-Resource-187,IAM,Yes,13,Yes,Low,High,7,Outdated,Yes,Yes,6,5,64,High
ASSET-188,Cloud-Resource-188,RDS,No,3,Yes,Low,Medium,5,Outdated,Yes,Yes,5,1,13,Low
ASSET-189,Cloud-Resource-189,Lambda,No,6,No,Medium,Medium,1,Outdated,Yes,Yes,2,3,41,Medium
ASSET-190,Cloud-Resource-190,VPC,No,19,No,Low,High,7,Outdated,Yes,Yes,6,5,68,High
ASSET-191,Cloud-Resource-191,IAM,Yes,14,Yes,Medium,Low,4,Updated,Yes,Yes,9,2,26,Medium
ASSET-192,Cloud-Resource-192,S3,No,0,No,Low,High,5,Updated,No,No,10,4,55,High
ASSET-193,Cloud-Resource-193,RDS,No,10,Yes,Medium,High,6,Updated,Yes,Yes,6,3,45,Medium
ASSET-194,Cloud-Resource-194,S3,No,11,Yes,Medium,Medium,5,Outdated,No,Yes,5,3,44,Medium
ASSET-195,Cloud-Resource-195,RDS,No,19,No,High,High,4,Updated,No,Yes,10,5,68,High
ASSET-196,Cloud-Resource-196,RDS,Yes,5,No,Low,High,2,Outdated,Yes,No,3,5,61,High
ASSET-197,Cloud-Resource-197,S3,Yes,15,No,Low,Low,4,Updated,Yes,Yes,2,3,42,Medium
ASSET-198,Cloud-Resource-198,RDS,No,14,No,Medium,High,0,Updated,Yes,Yes,10,3,40,Medium
ASSET-199,Cloud-Resource-199,RDS,Yes,13,Yes,Medium,Medium,9,Updated,No,Yes,10,4,56,High
ASSET-200,Cloud-Resource-200,RDS,No,2,No,Medium,Medium,2,Updated,Yes,No,10,2,30,Medium
ASSET-201,Cloud-Resource-201,IAM,Yes,4,Yes,High,Medium,10,Updated,Yes,No,2,4,48,Medium
ASSET-202,Cloud-Resource-202,S3,Yes,4,No,High,High,2,Outdated,No,No,3,7,93,Critical
ASSET-203,Cloud-Resource-203,Lambda,No,17,No,Low,Low,8,Outdated,No,Yes,8,5,64,High
ASSET-204,Cloud-Resource-204,RDS,No,18,Yes,High,High,9,Updated,No,Yes,8,5,68,High
ASSET-205,Cloud-Resource-205,VPC,Yes,18,No,High,High,4,Updated,Yes,No,9,6,82,Critical
ASSET-206,Cloud-Resource-206,IAM,No,15,Yes,Medium,High,10,Updated,No,Yes,10,4,57,High
ASSET-207,Cloud-Resource-207,Lambda,No,10,Yes,High,Medium,6,Outdated,Yes,Yes,1,4,48,Medium
ASSET-208,Cloud-Resource-208,EC2,Yes,9,No,Low,Medium,7,Outdated,No,No,5,7,90,Critical
ASSET-209,Cloud-Resource-209,EC2,Yes,15,No,Low,Medium,0,Updated,No,Yes,2,4,51,High
ASSET-210,Cloud-Resource-210,EC2,No,2,No,High,High,5,Updated,No,No,4,5,63,High
ASSET-211,Cloud-Resource-211,VPC,Yes,10,No,High,High,1,Outdated,Yes,No,9,7,93,Critical
ASSET-212,Cloud-Resource-212,Lambda,No,10,Yes,High,High,10,Outdated,No,No,4,7,92,Critical
ASSET-213,Cloud-Resource-213,RDS,Yes,3,Yes,Medium,Medium,4,Updated,No,Yes,2,2,29,Medium
ASSET-214,Cloud-Resource-214,EC2,No,10,No,Medium,High,1,Updated,Yes,Yes,2,3,39,Medium
ASSET-215,Cloud-Resource-215,S3,No,16,Yes,Low,Medium,10,Outdated,Yes,Yes,7,3,44,Medium
ASSET-216,Cloud-Resource-216,EC2,Yes,2,No,Medium,High,1,Outdated,No,No,2,6,72,High
ASSET-217,Cloud-Resource-217,Lambda,No,12,Yes,Medium,Medium,1,Outdated,Yes,Yes,4,2,28,Medium
ASSET-218,Cloud-Resource-218,VPC,Yes,16,No,High,High,7,Outdated,No,Yes,3,8,100,Critical
ASSET-219,Cloud-Resource-219,IAM,Yes,5,No,Low,Low,1,Updated,No,No,2,4,50,High
ASSET-220,Cloud-Resource-220,IAM,No,5,Yes,High,Medium,10,Updated,Yes,Yes,8,2,30,Medium
ASSET-221,Cloud-Resource-221,RDS,No,3,No,Medium,Low,6,Outdated,Yes,Yes,2,3,45,Medium
ASSET-222,Cloud-Resource-222,EC2,Yes,7,Yes,High,High,8,Updated,Yes,Yes,6,5,68,High
ASSET-223,Cloud-Resource-223,IAM,Yes,15,No,High,Medium,5,Outdated,No,No,3,7,88,Critical
ASSET-224,Cloud-Resource-224,Lambda,Yes,15,No,Medium,Medium,4,Updated,No,No,8,5,65,High
ASSET-225,Cloud-Resource-225,EC2,Yes,1,Yes,Medium,Medium,2,Updated,Yes,Yes,1,1,12,Low
ASSET-226,Cloud-Resource-226,VPC,Yes,5,No,Medium,Low,0,Outdated,No,No,4,5,68,High
ASSET-227,Cloud-Resource-227,RDS,Yes,0,No,Medium,Low,1,Outdated,No,Yes,2,4,55,High
ASSET-228,Cloud-Resource-228,Lambda,Yes,8,Yes,Medium,High,8,Outdated,Yes,Yes,2,5,62,High
ASSET-229,Cloud-Resource-229,EC2,Yes,14,No,Low,High,2,Updated,Yes,No,5,5,61,High
ASSET-230,Cloud-Resource-230,S3,No,17,Yes,High,Medium,8,Updated,No,Yes,6,4,50,High
ASSET-231,Cloud-Resource-231,RDS,No,3,Yes,Medium,Low,2,Outdated,Yes,No,6,2,24,Low
ASSET-232,Cloud-Resource-232,S3,Yes,13,No,Medium,Low,2,Outdated,No,Yes,1,5,69,High
ASSET-233,Cloud-Resource-233,IAM,Yes,19,Yes,High,Low,2,Updated,Yes,No,5,4,50,High
ASSET-234,Cloud-Resource-234,VPC,No,15,Yes,Low,High,1,Outdated,No,No,10,5,65,High
ASSET-235,Cloud-Resource-235,VPC,No,9,Yes,High,Medium,1,Updated,No,No,9,4,54,High
ASSET-236,Cloud-Resource-236,EC2,No,0,Yes,High,Medium,5,Outdated,No,No,2,4,48,Medium
ASSET-237,Cloud-Resource-237,VPC,No,14,Yes,Low,Medium,6,Outdated,Yes,No,3,4,55,High
ASSET-238,Cloud-Resource-238,Lambda,No,15,Yes,High,High,2,Outdated,Yes,No,1,5,65,High
ASSET-239,Cloud-Resource-239,VPC,No,12,Yes,High,Medium,4,Outdated,No,No,7,5,61,High
ASSET-240,Cloud-Resource-240,EC2,No,18,Yes,Medium,Low,1,Outdated,Yes,Yes,3,2,34,Medium
ASSET-241,Cloud-Resource-241,S3,No,7,No,Medium,High,0,Outdated,No,No,9,6,75,Critical
ASSET-242,Cloud-Resource-242,IAM,No,12,Yes,High,High,1,Updated,No,No,7,5,69,High
ASSET-243,Cloud-Resource-243,RDS,Yes,0,No,Medium,High,1,Outdated,Yes,No,3,5,61,High
ASSET-244,Cloud-Resource-244,EC2,No,20,Yes,Low,Medium,1,Outdated,No,No,9,4,49,Medium
ASSET-245,Cloud-Resource-245,EC2,Yes,10,Yes,High,Low,5,Updated,Yes,No,5,4,53,High
ASSET-246,Cloud-Resource-246,EC2,No,14,Yes,High,High,4,Updated,No,Yes,9,4,52,High
ASSET-247,Cloud-Resource-247,VPC,Yes,13,No,Low,Low,7,Outdated,No,Yes,5,6,75,Critical
ASSET-248,Cloud-Resource-248,Lambda,Yes,2,No,Medium,Low,5,Updated,No,Yes,9,3,39,Medium
ASSET-249,Cloud-Resource-249,EC2,Yes,16,No,Medium,Medium,5,Updated,Yes,No,6,4,54,High
ASSET-250,Cloud-Resource-250,IAM,No,9,Yes,Medium,High,8,Updated,No,No,7,5,61,High
ASSET-251,Cloud-Resource-251,VPC,Yes,11,Yes,High,Low,1,Outdated,Yes,No,6,5,69,High
ASSET-252,Cloud-Resource-252,IAM,Yes,6,Yes,High,High,9,Outdated,No,No,9,8,98,Critical
ASSET-253,Cloud-Resource-253,Lambda,Yes,0,Yes,Low,High,10,Updated,No,No,1,5,67,High
ASSET-254,Cloud-Resource-254,S3,Yes,6,No,Medium,High,4,Updated,No,No,1,6,81,Critical
ASSET-255,Cloud-Resource-255,EC2,Yes,1,No,Low,Low,3,Outdated,No,Yes,1,4,48,Medium
ASSET-256,Cloud-Resource-256,VPC,No,16,Yes,Low,Medium,8,Updated,Yes,No,8,3,37,Medium
ASSET-257,Cloud-Resource-257,S3,Yes,16,No,Low,Medium,10,Outdated,Yes,Yes,6,5,69,High
ASSET-258,Cloud-Resource-258,Lambda,No,3,Yes,Low,High,1,Outdated,No,Yes,5,3,36,Medium
ASSET-259,Cloud-Resource-259,Lambda,Yes,13,Yes,Medium,High,2,Updated,No,Yes,8,4,48,Medium
ASSET-260,Cloud-Resource-260,VPC,No,16,Yes,Low,Medium,9,Outdated,No,Yes,2,4,54,High
ASSET-261,Cloud-Resource-261,S3,Yes,1,Yes,Medium,High,2,Outdated,No,Yes,8,4,52,High
ASSET-262,Cloud-Resource-262,EC2,Yes,19,No,High,Medium,6,Updated,No,No,5,7,94,Critical
ASSET-263,Cloud-Resource-263,S3,No,19,No,Low,Medium,7,Updated,No,Yes,5,4,58,High
ASSET-264,Cloud-Resource-264,EC2,No,7,No,High,High,7,Outdated,No,Yes,3,7,86,Critical
ASSET-265,Cloud-Resource-265,S3,No,11,No,High,Low,9,Outdated,No,No,7,7,93,Critical
ASSET-266,Cloud-Resource-266,EC2,No,17,Yes,High,Low,4,Outdated,Yes,Yes,3,3,38,Medium
ASSET-267,Cloud-Resource-267,RDS,Yes,8,Yes,High,Medium,10,Outdated,Yes,Yes,2,5,63,High
ASSET-268,Cloud-Resource-268,RDS,Yes,7,Yes,Low,Medium,8,Outdated,Yes,No,2,5,67,High
ASSET-269,Cloud-Resource-269,RDS,No,10,Yes,Low,High,6,Outdated,No,No,2,6,76,Critical
ASSET-270,Cloud-Resource-270,IAM,No,1,No,High,High,9,Updated,Yes,No,5,5,62,High
ASSET-271,Cloud-Resource-271,VPC,Yes,13,Yes,Low,Medium,5,Updated,Yes,Yes,3,2,25,Medium
ASSET-272,Cloud-Resource-272,EC2,Yes,7,No,Low,Medium,0,Updated,Yes,Yes,6,3,45,Medium
ASSET-273,Cloud-Resource-273,S3,No,12,No,Medium,High,6,Updated,Yes,Yes,6,4,55,High
ASSET-274,Cloud-Resource-274,EC2,No,12,Yes,Low,Medium,10,Outdated,No,Yes,10,4,50,High
ASSET-275,Cloud-Resource-275,Lambda,No,7,Yes,Low,High,5,Outdated,Yes,Yes,2,3,43,Medium
ASSET-276,Cloud-Resource-276,VPC,No,14,Yes,Low,Low,9,Updated,No,No,2,4,50,High
ASSET-277,Cloud-Resource-277,VPC,Yes,0,Yes,High,High,9,Updated,Yes,Yes,5,4,52,High
ASSET-278,Cloud-Resource-278,EC2,Yes,7,Yes,High,High,1,Updated,No,Yes,4,5,70,High
ASSET-279,Cloud-Resource-279,RDS,Yes,11,Yes,High,Low,2,Updated,Yes,Yes,9,3,45,Medium
ASSET-280,Cloud-Resource-280,S3,Yes,2,No,High,Low,0,Outdated,No,No,2,6,82,Critical
ASSET-281,Cloud-Resource-281,S3,No,9,No,Medium,Medium,10,Updated,Yes,Yes,3,3,44,Medium
ASSET-282,Cloud-Resource-282,S3,No,0,No,High,Medium,9,Outdated,No,Yes,6,5,68,High
ASSET-283,Cloud-Resource-283,RDS,No,4,Yes,Medium,Low,1,Outdated,No,No,8,3,39,Medium
ASSET-284,Cloud-Resource-284,VPC,Yes,2,Yes,Low,High,10,Updated,Yes,No,6,4,49,Medium
ASSET-285,Cloud-Resource-285,EC2,Yes,8,Yes,High,Medium,0,Outdated,No,No,6,6,81,Critical
ASSET-286,Cloud-Resource-286,RDS,No,15,No,Medium,Low,3,Updated,No,Yes,1,3,43,Medium
ASSET-287,Cloud-Resource-287,EC2,No,12,No,Low,Medium,7,Updated,Yes,No,2,4,53,High
ASSET-288,Cloud-Resource-288,RDS,Yes,7,No,Medium,Medium,6,Updated,Yes,No,9,5,68,High
ASSET-289,Cloud-Resource-289,EC2,Yes,8,Yes,High,High,9,Outdated,Yes,No,1,7,84,Critical
ASSET-290,Cloud-Resource-290,Lambda,No,6,Yes,Medium,Low,0,Updated,Yes,Yes,7,1,20,Low
ASSET-291,Cloud-Resource-291,IAM,Yes,1,Yes,Low,Low,6,Outdated,Yes,Yes,7,3,44,Medium
ASSET-292,Cloud-Resource-292,VPC,No,3,Yes,Low,Medium,10,Updated,Yes,Yes,7,1,13,Low
ASSET-293,Cloud-Resource-293,Lambda,Yes,6,No,High,High,0,Updated,No,Yes,9,6,79,Critical
ASSET-294,Cloud-Resource-294,Lambda,Yes,17,Yes,Medium,Medium,9,Outdated,No,No,1,6,76,Critical
ASSET-295,Cloud-Resource-295,Lambda,No,12,No,Low,Low,3,Updated,Yes,Yes,7,2,27,Medium
ASSET-296,Cloud-Resource-296,EC2,Yes,11,No,Medium,High,7,Updated,No,Yes,4,6,81,Critical
ASSET-297,Cloud-Resource-297,S3,No,5,Yes,Medium,Medium,0,Updated,Yes,No,9,1,20,Low
ASSET-298,Cloud-Resource-298,Lambda,Yes,15,No,Low,Low,4,Updated,No,Yes,8,4,53,High
ASSET-299,Cloud-Resource-299,Lambda,Yes,19,Yes,Low,Medium,10,Updated,No,No,5,5,60,High
ASSET-300,Cloud-Resource-300,Lambda,No,9,Yes,Medium,Low,2,Updated,Yes,Yes,2,1,14,Low
ASSET-301,Cloud-Resource-301,RDS,Yes,17,No,High,Low,10,Outdated,No,Yes,6,7,88,Critical
ASSET-302,Cloud-Resource-302,RDS,No,10,Yes,Low,High,7,Updated,No,No,6,5,64,High
ASSET-303,Cloud-Resource-303,IAM,No,14,Yes,High,Low,2,Outdated,Yes,No,10,4,50,High
ASSET-304,Cloud-Resource-304,EC2,No,19,Yes,High,Low,4,Outdated,Yes,No,8,4,53,High
ASSET-305,Cloud-Resource-305,IAM,Yes,11,Yes,Medium,Low,7,Outdated,No,No,2,6,72,High
ASSET-306,Cloud-Resource-306,Lambda,No,8,No,Medium,Low,3,Outdated,Yes,No,10,4,57,High
ASSET-307,Cloud-Resource-307,RDS,Yes,13,Yes,Medium,Low,6,Outdated,Yes,No,2,5,68,High
ASSET-308,Cloud-Resource-308,IAM,Yes,8,No,Medium,Medium,9,Updated,No,Yes,4,5,69,High
ASSET-309,Cloud-Resource-309,Lambda,No,14,Yes,Medium,Low,6,Updated,No,Yes,3,3,44,Medium
ASSET-310,Cloud-Resource-310,EC2,No,1,Yes,Medium,Medium,10,Updated,No,No,6,3,42,Medium
ASSET-311,Cloud-Resource-311,S3,Yes,10,Yes,High,Medium,1,Outdated,Yes,No,7,5,60,High
ASSET-312,Cloud-Resource-312,EC2,Yes,4,Yes,Medium,Medium,2,Outdated,Yes,No,9,3,41,Medium
ASSET-313,Cloud-Resource-313,VPC,No,15,No,Medium,Medium,8,Updated,No,Yes,3,4,52,High
ASSET-314,Cloud-Resource-314,S3,No,7,Yes,High,High,10,Outdated,Yes,No,7,6,72,High
ASSET-315,Cloud-Resource-315,EC2,No,20,Yes,High,Low,4,Updated,Yes,No,7,3,39,Medium
ASSET-316,Cloud-Resource-316,EC2,Yes,18,Yes,Medium,Medium,6,Updated,No,No,6,5,62,High
ASSET-317,Cloud-Resource-317,RDS,No,1,Yes,High,Medium,10,Updated,No,Yes,9,3,42,Medium
ASSET-318,Cloud-Resource-318,EC2,No,1,No,Medium,Medium,3,Outdated,No,No,1,4,50,High
ASSET-319,Cloud-Resource-319,IAM,No,0,Yes,Medium,High,9,Updated,Yes,No,6,3,36,Medium
ASSET-320,Cloud-Resource-320,S3,No,5,Yes,High,Low,1,Updated,No,No,1,3,40,Medium
ASSET-321,Cloud-Resource-321,EC2,No,9,Yes,High,Medium,3,Updated,No,Yes,4,3,37,Medium
ASSET-322,Cloud-Resource-322,Lambda,No,19,Yes,Low,Low,3,Outdated,No,Yes,6,3,42,Medium
ASSET-323,Cloud-Resource-323,VPC,No,15,No,Low,Low,4,Outdated,Yes,No,7,4,58,High
ASSET-324,Cloud-Resource-324,S3,No,8,No,Medium,Low,4,Outdated,No,No,9,5,60,High
ASSET-325,Cloud-Resource-325,IAM,Yes,20,No,Low,High,3,Updated,No,No,3,6,81,Critical
ASSET-326,Cloud-Resource-326,VPC,Yes,0,Yes,Low,High,5,Updated,Yes,Yes,3,2,29,Medium
ASSET-327,Cloud-Resource-327,S3,Yes,8,No,Medium,Low,10,Updated,No,Yes,1,5,69,High
ASSET-328,Cloud-Resource-328,IAM,No,13,Yes,Medium,High,5,Outdated,No,No,6,5,67,High
ASSET-329,Cloud-Resource-329,IAM,Yes,11,Yes,High,High,8,Outdated,No,Yes,4,7,88,Critical
ASSET-330,Cloud-Resource-330,VPC,No,5,No,Medium,Low,5,Outdated,No,Yes,3,3,38,Medium
ASSET-331,Cloud-Resource-331,IAM,No,9,No,Low,Medium,6,Outdated,No,No,6,6,80,Critical
ASSET-332,Cloud-Resource-332,Lambda,No,8,No,High,Low,0,Outdated,No,Yes,4,5,68,High
ASSET-333,Cloud-Resource-333,S3,Yes,10,No,High,Medium,1,Updated,No,Yes,8,5,70,High
ASSET-334,Cloud-Resource-334,S3,Yes,1,Yes,Low,High,5,Outdated,Yes,Yes,9,3,39,Medium
ASSET-335,Cloud-Resource-335,Lambda,No,19,Yes,High,Low,7,Outdated,Yes,Yes,8,4,48,Medium
ASSET-336,Cloud-Resource-336,RDS,No,18,No,Low,Medium,4,Outdated,No,Yes,4,4,56,High
ASSET-337,Cloud-Resource-337,S3,No,8,Yes,High,Low,1,Updated,No,Yes,5,3,41,Medium
ASSET-338,Cloud-Resource-338,RDS,Yes,14,No,Low,Low,1,Outdated,No,No,1,6,78,Critical
ASSET-339,Cloud-Resource-339,S3,No,15,No,High,High,7,Updated,Yes,No,8,6,77,Critical
ASSET-340,Cloud-Resource-340,S3,No,1,Yes,Low,Medium,6,Updated,Yes,Yes,5,1,21,Low
ASSET-341,Cloud-Resource-341,IAM,No,18,No,High,Medium,7,Updated,No,Yes,8,5,64,High
ASSET-342,Cloud-Resource-342,RDS,No,20,Yes,Medium,High,4,Outdated,Yes,No,7,4,54,High
ASSET-343,Cloud-Resource-343,EC2,No,16,No,Medium,Low,0,Outdated,Yes,No,2,4,53,High
ASSET-344,Cloud-Resource-344,IAM,No,9,Yes,High,Low,1,Outdated,Yes,Yes,10,3,45,Medium
ASSET-345,Cloud-Resource-345,EC2,Yes,20,Yes,Medium,Low,6,Updated,Yes,Yes,7,3,40,Medium
ASSET-346,Cloud-Resource-346,RDS,Yes,1,No,High,Low,9,Outdated,No,No,5,7,93,Critical
ASSET-347,Cloud-Resource-347,IAM,No,8,No,Medium,Medium,3,Outdated,Yes,Yes,8,3,38,Medium
ASSET-348,Cloud-Resource-348,S3,No,20,No,Low,Medium,7,Updated,Yes,No,9,4,48,Medium
ASSET-349,Cloud-Resource-349,Lambda,Yes,12,No,Low,Medium,6,Outdated,Yes,Yes,1,5,68,High
ASSET-350,Cloud-Resource-350,IAM,Yes,4,Yes,Medium,High,7,Outdated,No,Yes,2,5,62,High
ASSET-351,Cloud-Resource-351,VPC,Yes,9,Yes,High,High,4,Updated,No,No,3,6,74,High
ASSET-352,Cloud-Resource-352,RDS,No,4,Yes,High,High,5,Outdated,Yes,No,8,4,49,Medium
ASSET-353,Cloud-Resource-353,S3,Yes,4,Yes,Medium,Medium,1,Updated,Yes,Yes,4,1,22,Low
ASSET-354,Cloud-Resource-354,IAM,Yes,11,No,Low,Low,2,Outdated,No,No,7,6,82,Critical
ASSET-355,Cloud-Resource-355,RDS,No,5,No,High,High,7,Outdated,Yes,Yes,8,5,70,High
ASSET-356,Cloud-Resource-356,IAM,No,7,Yes,High,Low,5,Outdated,Yes,No,3,4,53,High
ASSET-357,Cloud-Resource-357,RDS,Yes,2,No,High,Medium,1,Outdated,Yes,No,10,5,60,High
ASSET-358,Cloud-Resource-358,S3,Yes,6,No,Low,Low,7,Outdated,Yes,No,4,6,73,High
ASSET-359,Cloud-Resource-359,VPC,No,18,Yes,High,High,10,Outdated,No,No,4,7,85,Critical
ASSET-360,Cloud-Resource-360,S3,Yes,15,Yes,Medium,Low,10,Outdated,Yes,No,4,5,70,High
ASSET-361,Cloud-Resource-361,Lambda,Yes,19,No,Low,High,1,Updated,Yes,No,3,5,69,High
ASSET-362,Cloud-Resource-362,S3,No,1,Yes,Low,High,5,Updated,Yes,Yes,8,1,15,Low
ASSET-363,Cloud-Resource-363,EC2,Yes,16,No,High,Medium,4,Updated,No,No,2,6,72,High
ASSET-364,Cloud-Resource-364,RDS,Yes,16,Yes,High,High,4,Updated,Yes,Yes,7,4,53,High
ASSET-365,Cloud-Resource-365,IAM,No,7,Yes,High,Medium,9,Updated,No,Yes,6,4,48,Medium
ASSET-366,Cloud-Resource-366,RDS,Yes,18,No,Medium,High,2,Outdated,No,Yes,1,6,76,Critical
ASSET-367,Cloud-Resource-367,IAM,No,12,Yes,Medium,Medium,5,Updated,No,Yes,8,2,29,Medium
ASSET-368,Cloud-Resource-368,EC2,No,15,Yes,Low,Low,10,Outdated,No,Yes,3,4,49,Medium
ASSET-369,Cloud-Resource-369,VPC,No,7,No,Low,Medium,2,Outdated,Yes,No,3,4,57,High
ASSET-370,Cloud-Resource-370,EC2,No,9,No,High,High,10,Outdated,Yes,Yes,3,6,76,Critical
ASSET-371,Cloud-Resource-371,IAM,No,11,Yes,Medium,High,2,Outdated,Yes,No,8,4,58,High
ASSET-372,Cloud-Resource-372,EC2,No,0,No,Medium,Low,0,Updated,No,No,3,3,46,Medium
ASSET-373,Cloud-Resource-373,VPC,No,11,Yes,High,Low,9,Updated,Yes,No,5,4,53,High
ASSET-374,Cloud-Resource-374,S3,No,2,Yes,Medium,Medium,7,Outdated,No,Yes,2,3,38,Medium
ASSET-375,Cloud-Resource-375,VPC,Yes,16,No,High,Medium,10,Outdated,No,Yes,3,7,91,Critical
ASSET-376,Cloud-Resource-376,EC2,No,19,No,Medium,High,9,Outdated,No,Yes,8,6,74,High
ASSET-377,Cloud-Resource-377,Lambda,No,5,No,High,High,8,Updated,Yes,No,1,5,64,High
ASSET-378,Cloud-Resource-378,VPC,No,0,Yes,High,Low,10,Updated,No,No,8,4,49,Medium
ASSET-379,Cloud-Resource-379,EC2,No,10,No,High,High,0,Updated,No,No,10,6,80,Critical
ASSET-380,Cloud-Resource-380,Lambda,Yes,20,Yes,High,Low,4,Outdated,No,No,10,6,77,Critical
ASSET-381,Cloud-Resource-381,RDS,Yes,15,No,Medium,Low,5,Updated,Yes,No,9,4,53,High
ASSET-382,Cloud-Resource-382,Lambda,Yes,4,Yes,Low,Medium,6,Updated,No,No,2,4,50,High
ASSET-383,Cloud-Resource-383,IAM,No,1,No,High,Low,5,Updated,No,Yes,4,3,41,Medium
ASSET-384,Cloud-Resource-384,IAM,Yes,18,No,Low,Medium,3,Updated,No,Yes,4,4,52,High
ASSET-385,Cloud-Resource-385,S3,No,0,No,Low,Low,8,Updated,No,No,2,4,54,High
ASSET-386,Cloud-Resource-386,IAM,No,1,Yes,Medium,High,0,Outdated,No,No,7,4,48,Medium
ASSET-387,Cloud-Resource-387,Lambda,Yes,14,No,Low,Medium,6,Outdated,Yes,Yes,3,5,70,High
ASSET-388,Cloud-Resource-388,RDS,Yes,10,No,Low,High,4,Outdated,No,No,6,7,88,Critical
ASSET-389,Cloud-Resource-389,VPC,Yes,17,Yes,Low,Medium,9,Outdated,Yes,Yes,8,4,53,High
ASSET-390,Cloud-Resource-390,EC2,Yes,8,No,Medium,Low,7,Updated,No,No,8,6,82,Critical
ASSET-391,Cloud-Resource-391,S3,No,6,No,Low,Medium,0,Outdated,No,No,4,5,69,High
ASSET-392,Cloud-Resource-392,RDS,Yes,8,No,High,Low,8,Updated,Yes,No,6,6,82,Critical
ASSET-393,Cloud-Resource-393,S3,Yes,14,No,Low,High,0,Outdated,Yes,No,8,6,75,Critical
ASSET-394,Cloud-Resource-394,VPC,No,14,No,Low,Low,1,Updated,No,Yes,2,3,39,Medium
ASSET-395,Cloud-Resource-395,RDS,Yes,3,No,Low,Low,8,Outdated,Yes,No,6,5,67,High
ASSET-396,Cloud-Resource-396,S3,Yes,15,Yes,Low,High,4,Outdated,No,Yes,8,5,69,High
ASSET-397,Cloud-Resource-397,EC2,Yes,3,Yes,Medium,High,2,Updated,No,No,3,4,55,High
ASSET-398,Cloud-Resource-398,EC2,No,5,No,Medium,Medium,1,Updated,No,Yes,1,2,30,Medium
ASSET-399,Cloud-Resource-399,S3,No,1,No,Low,Medium,6,Outdated,Yes,No,5,4,50,High
ASSET-400,Cloud-Resource-400,IAM,Yes,4,No,Low,Low,5,Updated,Yes,No,10,3,46,Medium
ASSET-401,Cloud-Resource-401,EC2,Yes,9,Yes,Medium,Low,2,Outdated,Yes,Yes,7,3,44,Medium
ASSET-402,Cloud-Resource-402,EC2,Yes,0,No,High,Low,9,Outdated,Yes,Yes,1,5,61,High
ASSET-403,Cloud-Resource-403,EC2,Yes,17,Yes,High,High,1,Updated,No,No,10,6,72,High
ASSET-404,Cloud-Resource-404,RDS,No,11,No,Low,High,9,Updated,Yes,Yes,1,4,56,High
ASSET-405,Cloud-Resource-405,S3,No,9,Yes,Low,Medium,9,Outdated,Yes,Yes,6,3,36,Medium
ASSET-406,Cloud-Resource-406,S3,No,11,Yes,Low,Low,9,Outdated,Yes,Yes,10,3,37,Medium
ASSET-407,Cloud-Resource-407,VPC,Yes,8,Yes,Low,High,1,Updated,No,No,4,5,61,High
ASSET-408,Cloud-Resource-408,S3,No,7,No,Low,High,3,Outdated,No,Yes,1,5,63,High
ASSET-409,Cloud-Resource-409,VPC,No,9,No,Medium,Low,6,Updated,Yes,No,5,4,52,High
ASSET-410,Cloud-Resource-410,Lambda,No,9,No,High,Low,3,Updated,No,No,10,5,63,High
ASSET-411,Cloud-Resource-411,VPC,Yes,10,Yes,Low,Low,10,Outdated,No,Yes,3,5,61,High
ASSET-412,Cloud-Resource-412,S3,No,16,Yes,Medium,Medium,2,Outdated,No,No,10,4,57,High
ASSET-413,Cloud-Resource-413,S3,Yes,11,No,Medium,Low,2,Updated,No,Yes,6,4,58,High
ASSET-414,Cloud-Resource-414,EC2,No,18,No,Low,High,3,Outdated,Yes,No,1,5,63,High
ASSET-415,Cloud-Resource-415,VPC,Yes,17,Yes,Medium,High,3,Updated,No,No,3,5,68,High
ASSET-416,Cloud-Resource-416,VPC,No,13,No,Medium,High,3,Outdated,Yes,No,7,5,70,High
ASSET-417,Cloud-Resource-417,EC2,Yes,1,No,Low,Medium,4,Outdated,No,Yes,1,4,58,High
ASSET-418,Cloud-Resource-418,EC2,Yes,17,Yes,High,Low,0,Outdated,No,Yes,2,5,67,High
ASSET-419,Cloud-Resource-419,RDS,No,17,No,Low,Low,1,Outdated,Yes,No,4,4,53,High
ASSET-420,Cloud-Resource-420,Lambda,Yes,11,Yes,Low,Medium,4,Updated,Yes,No,7,3,41,Medium
ASSET-421,Cloud-Resource-421,EC2,Yes,13,No,Low,Low,2,Updated,No,Yes,1,4,56,High
ASSET-422,Cloud-Resource-422,IAM,No,2,Yes,Low,High,7,Outdated,Yes,Yes,9,3,43,Medium
ASSET-423,Cloud-Resource-423,IAM,No,19,Yes,Low,High,7,Updated,Yes,Yes,5,3,40,Medium
ASSET-424,Cloud-Resource-424,RDS,Yes,16,No,High,Medium,1,Updated,Yes,No,8,5,61,High
ASSET-425,Cloud-Resource-425,S3,No,8,No,High,Medium,7,Outdated,No,Yes,8,6,73,High
ASSET-426,Cloud-Resource-426,VPC,Yes,3,Yes,High,Low,10,Updated,No,Yes,8,4,54,High
ASSET-427,Cloud-Resource-427,RDS,Yes,7,No,Medium,High,2,Updated,No,No,9,6,79,Critical
ASSET-428,Cloud-Resource-428,VPC,Yes,7,Yes,High,Medium,3,Outdated,Yes,Yes,3,4,57,High
ASSET-429,Cloud-Resource-429,IAM,Yes,0,Yes,Low,Low,6,Outdated,Yes,Yes,1,3,38,Medium
ASSET-430,Cloud-Resource-430,IAM,No,9,No,Low,Low,4,Updated,Yes,Yes,4,2,28,Medium
ASSET-431,Cloud-Resource-431,IAM,No,12,Yes,High,Low,0,Outdated,No,No,3,5,61,High
ASSET-432,Cloud-Resource-432,Lambda,Yes,2,No,High,Low,0,Outdated,Yes,Yes,6,4,58,High
ASSET-433,Cloud-Resource-433,EC2,Yes,8,No,Low,High,4,Updated,Yes,No,10,5,70,High
ASSET-434,Cloud-Resource-434,RDS,No,4,Yes,Medium,Medium,1,Outdated,Yes,No,4,2,28,Medium
ASSET-435,Cloud-Resource-435,RDS,No,8,Yes,Low,Low,6,Updated,No,Yes,8,3,46,Medium
ASSET-436,Cloud-Resource-436,VPC,Yes,9,Yes,Medium,Low,5,Outdated,No,Yes,9,4,54,High
ASSET-437,Cloud-Resource-437,IAM,No,6,No,High,Low,7,Updated,No,Yes,5,5,61,High
ASSET-438,Cloud-Resource-438,S3,No,8,No,High,Low,7,Updated,Yes,No,5,5,60,High
ASSET-439,Cloud-Resource-439,IAM,Yes,13,No,High,Low,8,Outdated,Yes,No,6,7,87,Critical
ASSET-440,Cloud-Resource-440,RDS,Yes,3,Yes,Low,Medium,8,Outdated,No,Yes,6,4,57,High
ASSET-441,Cloud-Resource-441,EC2,Yes,1,No,Medium,High,5,Outdated,Yes,Yes,9,4,55,High
ASSET-442,Cloud-Resource-442,VPC,Yes,12,Yes,High,High,3,Updated,No,Yes,7,5,62,High
ASSET-443,Cloud-Resource-443,IAM,No,14,Yes,High,Low,4,Outdated,No,Yes,8,4,51,High
ASSET-444,Cloud-Resource-444,Lambda,Yes,11,Yes,Medium,High,7,Updated,No,No,8,6,82,Critical
ASSET-445,Cloud-Resource-445,RDS,No,2,Yes,Low,High,10,Updated,Yes,No,10,3,38,Medium
ASSET-446,Cloud-Resource-446,VPC,Yes,17,No,Medium,Low,9,Updated,Yes,Yes,2,4,50,High
ASSET-447,Cloud-Resource-447,IAM,Yes,18,No,Low,Medium,2,Updated,Yes,No,3,4,49,Medium
ASSET-448,Cloud-Resource-448,EC2,No,20,No,Medium,High,5,Updated,No,No,10,5,69,High
ASSET-449,Cloud-Resource-449,VPC,Yes,4,Yes,Medium,High,9,Updated,No,Yes,4,4,49,Medium
ASSET-450,Cloud-Resource-450,EC2,Yes,19,No,Low,Low,10,Outdated,Yes,No,3,6,76,Critical
ASSET-451,Cloud-Resource-451,IAM,No,2,Yes,High,High,0,Outdated,No,Yes,4,4,48,Medium
ASSET-452,Cloud-Resource-452,EC2,No,18,Yes,Low,High,5,Outdated,No,No,10,5,69,High
ASSET-453,Cloud-Resource-453,EC2,Yes,5,No,Medium,Low,1,Outdated,Yes,No,1,4,49,Medium
ASSET-454,Cloud-Resource-454,S3,No,12,Yes,High,High,6,Outdated,Yes,Yes,8,5,66,High
ASSET-455,Cloud-Resource-455,Lambda,Yes,8,Yes,Low,Low,9,Updated,No,Yes,3,4,57,High
ASSET-456,Cloud-Resource-456,EC2,No,11,Yes,Low,Medium,0,Outdated,Yes,No,5,3,36,Medium
ASSET-457,Cloud-Resource-457,RDS,No,10,Yes,High,Low,6,Outdated,No,No,9,6,79,Critical
ASSET-458,Cloud-Resource-458,RDS,Yes,16,Yes,High,Low,2,Updated,Yes,No,8,4,55,High
ASSET-459,Cloud-Resource-459,S3,No,1,Yes,Medium,Medium,1,Outdated,No,Yes,10,2,26,Medium
ASSET-460,Cloud-Resource-460,VPC,Yes,7,No,High,Low,1,Outdated,Yes,Yes,3,5,68,High
ASSET-461,Cloud-Resource-461,IAM,Yes,13,No,Medium,Medium,3,Updated,No,Yes,3,4,57,High
ASSET-462,Cloud-Resource-462,IAM,Yes,12,No,High,Low,6,Updated,No,Yes,7,6,73,High
ASSET-463,Cloud-Resource-463,IAM,No,19,Yes,Low,Medium,8,Outdated,No,No,10,5,69,High
ASSET-464,Cloud-Resource-464,IAM,Yes,12,No,Low,Low,9,Updated,Yes,No,6,5,63,High
ASSET-465,Cloud-Resource-465,VPC,Yes,2,No,Low,Medium,7,Updated,Yes,Yes,4,3,43,Medium
ASSET-466,Cloud-Resource-466,S3,No,7,Yes,Low,Medium,5,Updated,No,No,4,3,40,Medium
ASSET-467,Cloud-Resource-467,VPC,No,5,No,Medium,High,9,Outdated,No,No,1,6,76,Critical
ASSET-468,Cloud-Resource-468,Lambda,Yes,13,Yes,Low,High,0,Outdated,Yes,Yes,10,4,58,High
ASSET-469,Cloud-Resource-469,IAM,Yes,3,Yes,Low,Medium,8,Updated,Yes,No,3,3,43,Medium
ASSET-470,Cloud-Resource-470,S3,Yes,14,No,High,Low,4,Outdated,Yes,Yes,3,5,70,High
ASSET-471,Cloud-Resource-471,EC2,No,3,Yes,Low,Low,9,Updated,Yes,No,7,2,28,Medium
ASSET-472,Cloud-Resource-472,S3,No,9,No,Medium,High,1,Outdated,Yes,No,3,5,70,High
ASSET-473,Cloud-Resource-473,Lambda,No,0,No,High,Low,4,Updated,Yes,No,5,3,46,Medium
ASSET-474,Cloud-Resource-474,IAM,Yes,0,Yes,Low,Medium,10,Outdated,Yes,Yes,2,3,39,Medium
ASSET-475,Cloud-Resource-475,VPC,No,15,No,High,Low,10,Outdated,No,Yes,8,6,76,Critical
ASSET-476,Cloud-Resource-476,EC2,Yes,13,Yes,Low,Medium,3,Outdated,No,Yes,8,4,55,High
ASSET-477,Cloud-Resource-477,VPC,Yes,20,No,Medium,Low,1,Outdated,Yes,No,9,5,60,High
ASSET-478,Cloud-Resource-478,IAM,No,4,No,High,Medium,6,Outdated,No,No,8,6,80,Critical
ASSET-479,Cloud-Resource-479,EC2,No,17,No,Medium,Medium,3,Outdated,No,Yes,9,4,56,High
ASSET-480,Cloud-Resource-480,RDS,No,15,No,Medium,High,4,Updated,Yes,Yes,7,3,43,Medium
ASSET-481,Cloud-Resource-481,EC2,No,2,No,Low,Low,4,Updated,Yes,Yes,4,1,13,Low
ASSET-482,Cloud-Resource-482,Lambda,Yes,4,No,Low,Medium,0,Updated,No,No,6,4,57,High
ASSET-483,Cloud-Resource-483,VPC,No,18,Yes,Low,Low,4,Outdated,No,Yes,8,3,41,Medium
ASSET-484,Cloud-Resource-484,VPC,Yes,7,No,High,High,6,Outdated,Yes,Yes,9,7,84,Critical
ASSET-485,Cloud-Resource-485,S3,Yes,12,Yes,High,Medium,5,Outdated,No,Yes,9,5,70,High
ASSET-486,Cloud-Resource-486,IAM,Yes,5,Yes,Low,Low,2,Updated,No,Yes,5,2,27,Medium
ASSET-487,Cloud-Resource-487,IAM,No,17,Yes,Medium,High,10,Updated,No,Yes,4,4,53,High
ASSET-488,Cloud-Resource-488,S3,No,8,Yes,Medium,Medium,7,Updated,Yes,Yes,7,2,27,Medium
ASSET-489,Cloud-Resource-489,S3,No,5,No,High,Low,8,Updated,No,Yes,9,4,51,High
ASSET-490,Cloud-Resource-490,EC2,No,15,Yes,High,Low,0,Updated,Yes,Yes,6,2,31,Medium
ASSET-491,Cloud-Resource-491,VPC,Yes,1,Yes,Low,High,3,Outdated,Yes,Yes,8,3,41,Medium
ASSET-492,Cloud-Resource-492,EC2,Yes,19,Yes,Medium,Low,4,Outdated,Yes,No,5,4,51,High
ASSET-493,Cloud-Resource-493,IAM,No,10,No,Medium,Low,3,Outdated,Yes,No,7,4,58,High
ASSET-494,Cloud-Resource-494,S3,No,13,No,Low,Low,4,Updated,Yes,Yes,6,2,27,Medium
ASSET-495,Cloud-Resource-495,EC2,No,5,Yes,Low,Medium,6,Outdated,Yes,No,7,3,43,Medium
ASSET-496,Cloud-Resource-496,IAM,Yes,16,Yes,Medium,Medium,9,Updated,No,Yes,9,4,54,High
ASSET-497,Cloud-Resource-497,IAM,No,17,No,High,Medium,8,Updated,No,Yes,1,5,65,High
ASSET-498,Cloud-Resource-498,S3,No,4,No,High,High,1,Outdated,Yes,No,9,5,62,High
ASSET-499,Cloud-Resource-499,VPC,Yes,3,No,High,High,6,Outdated,No,Yes,6,7,86,Critical
ASSET-500,Cloud-Resource-500,EC2,Yes,3,Yes,Low,Medium,0,Outdated,No,No,7,4,52,High
ASSET-501,Cloud-Resource-501,RDS,No,19,Yes,High,Low,1,Updated,No,Yes,6,3,38,Medium
ASSET-502,Cloud-Resource-502,S3,Yes,3,No,Low,Low,9,Updated,Yes,No,8,4,52,High
ASSET-503,Cloud-Resource-503,IAM,No,2,Yes,Medium,Low,4,Outdated,No,Yes,1,2,24,Low
ASSET-504,Cloud-Resource-504,VPC,Yes,19,No,Medium,High,4,Outdated,Yes,Yes,9,5,61,High
ASSET-505,Cloud-Resource-505,EC2,No,16,No,Low,Low,4,Updated,Yes,Yes,9,2,32,Medium
ASSET-506,Cloud-Resource-506,Lambda,Yes,20,No,Low,High,1,Updated,Yes,Yes,6,4,58,High
ASSET-507,Cloud-Resource-507,EC2,No,13,No,Low,High,4,Outdated,Yes,No,8,5,69,High
ASSET-508,Cloud-Resource-508,IAM,No,16,Yes,Low,Medium,3,Updated,No,No,4,3,44,Medium
ASSET-509,Cloud-Resource-509,VPC,No,20,No,Low,High,0,Updated,Yes,No,1,4,52,High
ASSET-510,Cloud-Resource-510,VPC,No,16,No,High,High,1,Updated,Yes,Yes,9,4,49,Medium
ASSET-511,Cloud-Resource-511,VPC,Yes,14,Yes,High,High,6,Outdated,No,No,10,8,100,Critical
ASSET-512,Cloud-Resource-512,RDS,Yes,4,No,High,Low,6,Outdated,Yes,Yes,2,5,69,High
ASSET-513,Cloud-Resource-513,EC2,No,16,No,Low,High,3,Outdated,No,No,8,6,75,Critical
ASSET-514,Cloud-Resource-514,Lambda,No,15,Yes,Medium,Medium,0,Outdated,No,Yes,10,3,41,Medium
ASSET-515,Cloud-Resource-515,RDS,Yes,13,No,Low,Low,4,Outdated,No,No,4,6,82,Critical
ASSET-516,Cloud-Resource-516,EC2,No,16,No,High,High,1,Updated,Yes,No,3,5,69,High
ASSET-517,Cloud-Resource-517,VPC,Yes,13,No,Low,Low,5,Outdated,Yes,Yes,3,4,48,Medium
ASSET-518,Cloud-Resource-518,RDS,Yes,8,Yes,High,Medium,9,Outdated,Yes,No,3,6,78,Critical
ASSET-519,Cloud-Resource-519,Lambda,Yes,4,Yes,High,Low,9,Updated,Yes,Yes,2,3,37,Medium
ASSET-520,Cloud-Resource-520,EC2,Yes,12,Yes,Medium,Medium,5,Updated,Yes,Yes,6,2,32,Medium
ASSET-521,Cloud-Resource-521,IAM,Yes,20,No,Low,Low,1,Outdated,Yes,No,1,5,63,High
ASSET-522,Cloud-Resource-522,Lambda,Yes,12,Yes,Low,Low,5,Outdated,No,No,7,5,66,High
ASSET-523,Cloud-Resource-523,Lambda,No,2,Yes,Low,Medium,9,Outdated,Yes,Yes,7,2,31,Medium
ASSET-524,Cloud-Resource-524,IAM,No,10,Yes,Low,High,2,Updated,No,Yes,5,3,40,Medium
ASSET-525,Cloud-Resource-525,VPC,No,10,Yes,Low,Low,5,Outdated,No,Yes,5,3,38,Medium
ASSET-526,Cloud-Resource-526,S3,No,7,No,High,High,0,Outdated,Yes,No,5,6,77,Critical
ASSET-527,Cloud-Resource-527,RDS,Yes,20,Yes,High,Medium,8,Outdated,Yes,Yes,4,5,63,High
ASSET-528,Cloud-Resource-528,VPC,No,9,No,High,Medium,10,Updated,No,Yes,2,5,64,High
ASSET-529,Cloud-Resource-529,VPC,No,9,Yes,Medium,Low,8,Updated,Yes,Yes,1,2,27,Medium
ASSET-530,Cloud-Resource-530,EC2,Yes,3,Yes,Low,High,1,Updated,No,Yes,5,3,44,Medium
ASSET-531,Cloud-Resource-531,RDS,No,8,No,Medium,High,3,Updated,No,Yes,7,4,56,High
ASSET-532,Cloud-Resource-532,S3,No,19,No,Medium,Medium,9,Outdated,Yes,No,10,5,61,High
ASSET-533,Cloud-Resource-533,IAM,Yes,1,No,Low,Low,2,Outdated,No,Yes,9,4,51,High
ASSET-534,Cloud-Resource-534,EC2,No,12,Yes,High,Low,8,Updated,No,Yes,1,4,52,High
ASSET-535,Cloud-Resource-535,Lambda,No,1,No,Medium,High,7,Updated,Yes,Yes,4,3,36,Medium
ASSET-536,Cloud-Resource-536,RDS,Yes,2,Yes,High,Low,0,Updated,Yes,No,10,3,42,Medium
ASSET-537,Cloud-Resource-537,EC2,No,19,No,High,Low,9,Outdated,Yes,No,6,6,72,High
ASSET-538,Cloud-Resource-538,S3,No,15,Yes,Medium,Medium,3,Updated,No,No,3,3,41,Medium
ASSET-539,Cloud-Resource-539,EC2,Yes,3,No,Medium,Low,9,Outdated,No,Yes,1,5,70,High
ASSET-540,Cloud-Resource-540,S3,Yes,5,No,Low,Medium,9,Updated,No,No,9,5,69,High
ASSET-541,Cloud-Resource-541,S3,Yes,19,No,Low,High,3,Updated,Yes,Yes,8,4,57,High
ASSET-542,Cloud-Resource-542,IAM,Yes,12,No,Medium,High,5,Outdated,No,Yes,5,6,81,Critical
ASSET-543,Cloud-Resource-543,IAM,No,14,No,High,Low,1,Outdated,Yes,No,8,5,62,High
ASSET-544,Cloud-Resource-544,IAM,Yes,2,No,High,High,4,Updated,No,No,7,6,81,Critical
ASSET-545,Cloud-Resource-545,IAM,No,0,Yes,High,Low,1,Updated,Yes,No,8,2,34,Medium
ASSET-546,Cloud-Resource-546,S3,No,8,No,Low,Medium,2,Updated,No,Yes,4,3,38,Medium
ASSET-547,Cloud-Resource-547,VPC,No,8,No,High,Low,7,Updated,Yes,Yes,4,4,50,High
ASSET-548,Cloud-Resource-548,EC2,Yes,11,No,Low,High,3,Updated,No,Yes,1,5,66,High
ASSET-549,Cloud-Resource-549,VPC,No,3,No,Medium,Low,5,Outdated,Yes,No,1,3,44,Medium
ASSET-550,Cloud-Resource-550,IAM,Yes,17,No,Medium,High,3,Updated,Yes,Yes,10,4,58,High
ASSET-551,Cloud-Resource-551,Lambda,No,16,No,High,Low,2,Outdated,Yes,Yes,9,4,52,High
ASSET-552,Cloud-Resource-552,RDS,Yes,20,Yes,High,Low,3,Outdated,No,Yes,3,5,68,High
ASSET-553,Cloud-Resource-553,S3,No,8,No,High,Medium,3,Updated,No,Yes,5,4,56,High
ASSET-554,Cloud-Resource-554,S3,No,20,Yes,High,High,6,Updated,No,No,6,6,79,Critical
ASSET-555,Cloud-Resource-555,EC2,Yes,7,Yes,Medium,Medium,10,Updated,No,No,7,5,68,High
ASSET-556,Cloud-Resource-556,VPC,Yes,11,No,Medium,High,0,Updated,Yes,Yes,3,4,55,High
ASSET-557,Cloud-Resource-557,RDS,No,0,Yes,Low,Medium,0,Updated,No,Yes,5,1,15,Low
ASSET-558,Cloud-Resource-558,IAM,No,9,No,Low,Low,6,Outdated,No,Yes,1,5,61,High
ASSET-559,Cloud-Resource-559,VPC,No,1,Yes,Low,High,4,Updated,Yes,No,8,2,34,Medium
ASSET-560,Cloud-Resource-560,VPC,Yes,9,Yes,Medium,Low,4,Updated,Yes,No,4,3,36,Medium
ASSET-561,Cloud-Resource-561,S3,Yes,15,No,Low,Low,2,Updated,Yes,No,6,4,57,High
ASSET-562,Cloud-Resource-562,S3,Yes,4,Yes,Low,Medium,2,Updated,No,No,10,3,46,Medium
ASSET-563,Cloud-Resource-563,IAM,Yes,6,No,Medium,Low,5,Updated,Yes,No,2,4,49,Medium
ASSET-564,Cloud-Resource-564,RDS,Yes,9,No,Medium,Medium,4,Outdated,No,No,7,6,78,Critical
ASSET-565,Cloud-Resource-565,RDS,No,13,Yes,High,Medium,4,Updated,Yes,No,4,3,36,Medium
ASSET-566,Cloud-Resource-566,EC2,No,3,No,Medium,High,7,Outdated,Yes,Yes,2,4,53,High
ASSET-567,Cloud-Resource-567,S3,No,16,No,Low,High,9,Outdated,No,Yes,10,6,72,High
ASSET-568,Cloud-Resource-568,RDS,Yes,9,No,Low,Medium,6,Outdated,No,No,9,7,84,Critical
ASSET-569,Cloud-Resource-569,IAM,Yes,10,No,Medium,High,8,Outdated,Yes,No,1,7,84,Critical
ASSET-570,Cloud-Resource-570,IAM,Yes,3,Yes,Low,High,10,Outdated,Yes,Yes,6,4,49,Medium
ASSET-571,Cloud-Resource-571,EC2,Yes,13,Yes,Medium,High,4,Outdated,No,No,1,6,74,High
ASSET-572,Cloud-Resource-572,S3,Yes,14,Yes,Low,Low,1,Updated,Yes,No,3,3,37,Medium
ASSET-573,Cloud-Resource-573,VPC,Yes,14,Yes,Low,Medium,9,Outdated,Yes,Yes,7,4,49,Medium
ASSET-574,Cloud-Resource-574,S3,No,0,No,High,High,1,Updated,No,Yes,10,4,55,High
ASSET-575,Cloud-Resource-575,IAM,Yes,1,Yes,Medium,Low,9,Updated,No,Yes,8,3,39,Medium
ASSET-576,Cloud-Resource-576,RDS,Yes,12,No,Medium,High,4,Updated,Yes,Yes,4,4,55,High
ASSET-577,Cloud-Resource-577,Lambda,Yes,1,No,Low,High,8,Updated,Yes,No,3,5,60,High
ASSET-578,Cloud-Resource-578,IAM,Yes,1,No,High,Low,4,Updated,No,Yes,4,4,51,High
ASSET-579,Cloud-Resource-579,IAM,No,14,No,Medium,Medium,9,Updated,No,Yes,5,4,55,High
ASSET-580,Cloud-Resource-580,IAM,Yes,13,No,High,Medium,10,Updated,Yes,No,2,6,79,Critical
ASSET-581,Cloud-Resource-581,EC2,Yes,14,Yes,High,Low,2,Updated,Yes,Yes,6,3,46,Medium
ASSET-582,Cloud-Resource-582,EC2,No,17,No,Low,High,8,Outdated,No,Yes,9,6,76,Critical
ASSET-583,Cloud-Resource-583,RDS,Yes,17,No,High,High,4,Outdated,No,Yes,9,7,89,Critical
ASSET-584,Cloud-Resource-584,Lambda,No,9,Yes,Medium,High,1,Outdated,Yes,No,3,4,54,High
ASSET-585,Cloud-Resource-585,VPC,No,14,Yes,Medium,High,10,Updated,Yes,No,7,4,48,Medium
ASSET-586,Cloud-Resource-586,IAM,No,16,Yes,Low,Low,3,Updated,Yes,Yes,1,1,16,Low
ASSET-587,Cloud-Resource-587,RDS,Yes,18,No,Medium,Medium,1,Updated,No,No,9,5,61,High
ASSET-588,Cloud-Resource-588,Lambda,Yes,5,Yes,Low,Low,1,Outdated,No,Yes,1,3,42,Medium
ASSET-589,Cloud-Resource-589,RDS,No,2,Yes,Low,High,4,Outdated,Yes,Yes,6,2,32,Medium
ASSET-590,Cloud-Resource-590,VPC,No,11,Yes,Low,Medium,6,Updated,No,No,3,4,53,High
ASSET-591,Cloud-Resource-591,IAM,No,6,Yes,High,Medium,8,Outdated,No,No,2,6,75,Critical
ASSET-592,Cloud-Resource-592,S3,Yes,2,No,Medium,Medium,8,Updated,No,No,10,5,61,High
ASSET-593,Cloud-Resource-593,RDS,Yes,10,No,High,Medium,9,Updated,No,No,7,7,85,Critical
ASSET-594,Cloud-Resource-594,Lambda,Yes,5,Yes,Medium,Low,3,Outdated,No,Yes,6,3,38,Medium
ASSET-595,Cloud-Resource-595,RDS,Yes,12,Yes,High,Low,10,Updated,No,Yes,5,5,62,High
ASSET-596,Cloud-Resource-596,VPC,Yes,14,Yes,Low,Medium,5,Outdated,Yes,No,8,4,54,High
ASSET-597,Cloud-Resource-597,S3,Yes,11,Yes,High,Low,7,Outdated,No,No,6,7,88,Critical
ASSET-598,Cloud-Resource-598,IAM,No,15,No,High,Low,1,Outdated,Yes,No,7,5,70,High
ASSET-599,Cloud-Resource-599,IAM,Yes,13,Yes,Low,High,0,Updated,No,No,10,5,62,High
ASSET-600,Cloud-Resource-600,IAM,Yes,9,No,Low,Medium,3,Outdated,No,Yes,1,5,67,High
ASSET-601,Cloud-Resource-601,S3,No,20,No,High,High,8,Outdated,No,Yes,9,7,89,Critical
ASSET-602,Cloud-Resource-602,RDS,Yes,15,Yes,Medium,Low,6,Updated,Yes,Yes,5,3,41,Medium
ASSET-603,Cloud-Resource-603,S3,Yes,1,No,High,Medium,2,Updated,Yes,No,4,4,56,High
ASSET-604,Cloud-Resource-604,Lambda,No,9,Yes,Medium,Medium,10,Outdated,Yes,Yes,9,3,45,Medium
ASSET-605,Cloud-Resource-605,RDS,Yes,5,No,Low,Low,4,Updated,Yes,Yes,2,2,34,Medium
ASSET-606,Cloud-Resource-606,IAM,Yes,13,Yes,Medium,Medium,7,Outdated,Yes,Yes,8,4,51,High
ASSET-607,Cloud-Resource-607,S3,Yes,20,Yes,High,High,4,Outdated,No,Yes,10,6,79,Critical
ASSET-608,Cloud-Resource-608,S3,Yes,16,No,Medium,Medium,5,Outdated,No,Yes,9,5,70,High
ASSET-609,Cloud-Resource-609,RDS,No,14,Yes,Low,Low,1,Outdated,No,Yes,6,3,40,Medium
ASSET-610,Cloud-Resource-610,S3,No,2,No,Low,High,3,Outdated,No,No,7,5,69,High
ASSET-611,Cloud-Resource-611,IAM,No,9,No,Low,High,5,Updated,Yes,Yes,5,3,41,Medium
ASSET-612,Cloud-Resource-612,Lambda,Yes,17,Yes,High,High,3,Outdated,Yes,No,3,6,77,Critical
ASSET-613,Cloud-Resource-613,VPC,Yes,18,No,High,Medium,5,Outdated,No,No,4,7,92,Critical
ASSET-614,Cloud-Resource-614,IAM,Yes,7,Yes,High,High,10,Outdated,Yes,No,3,7,87,Critical
ASSET-615,Cloud-Resource-615,EC2,Yes,6,Yes,High,Medium,9,Outdated,Yes,No,9,6,76,Critical
ASSET-616,Cloud-Resource-616,VPC,No,16,Yes,Low,Low,5,Updated,Yes,No,8,2,29,Medium
ASSET-617,Cloud-Resource-617,Lambda,Yes,1,No,High,Medium,4,Outdated,No,Yes,7,5,64,High
ASSET-618,Cloud-Resource-618,IAM,Yes,16,No,Medium,High,2,Outdated,No,Yes,6,6,81,Critical
ASSET-619,Cloud-Resource-619,S3,No,3,Yes,High,High,7,Updated,No,No,6,5,67,High
ASSET-620,Cloud-Resource-620,IAM,Yes,6,No,Low,High,4,Outdated,Yes,No,1,6,76,Critical
ASSET-621,Cloud-Resource-621,RDS,No,16,No,Low,High,0,Outdated,No,No,1,6,75,Critical
ASSET-622,Cloud-Resource-622,VPC,Yes,1,No,Medium,High,5,Outdated,Yes,Yes,8,4,49,Medium
ASSET-623,Cloud-Resource-623,VPC,No,0,No,High,Medium,1,Updated,Yes,No,1,3,37,Medium
ASSET-624,Cloud-Resource-624,RDS,Yes,3,No,High,Low,2,Updated,Yes,No,9,4,58,High
ASSET-625,Cloud-Resource-625,Lambda,Yes,9,No,Medium,Low,7,Updated,No,Yes,9,5,61,High
ASSET-626,Cloud-Resource-626,Lambda,Yes,13,Yes,High,High,1,Outdated,Yes,Yes,10,5,64,High
ASSET-627,Cloud-Resource-627,EC2,Yes,8,No,Medium,High,3,Outdated,No,No,1,7,92,Critical
ASSET-628,Cloud-Resource-628,Lambda,No,17,Yes,Low,Low,10,Updated,No,Yes,5,3,39,Medium
ASSET-629,Cloud-Resource-629,IAM,Yes,4,No,High,Medium,0,Outdated,Yes,Yes,9,4,58,High
ASSET-630,Cloud-Resource-630,Lambda,Yes,2,No,Low,Medium,6,Updated,No,Yes,8,4,57,High
ASSET-631,Cloud-Resource-631,EC2,Yes,0,Yes,Medium,Medium,1,Updated,No,Yes,6,2,32,Medium
ASSET-632,Cloud-Resource-632,EC2,No,0,No,Medium,Medium,5,Outdated,Yes,Yes,9,2,33,Medium
ASSET-633,Cloud-Resource-633,VPC,No,2,Yes,Low,Low,3,Outdated,Yes,Yes,9,1,14,Low
ASSET-634,Cloud-Resource-634,IAM,Yes,9,No,High,Low,8,Updated,Yes,Yes,1,5,65,High
ASSET-635,Cloud-Resource-635,VPC,Yes,0,No,Low,High,9,Outdated,Yes,Yes,2,5,62,High
ASSET-636,Cloud-Resource-636,VPC,No,3,No,Low,Low,6,Updated,No,Yes,8,3,44,Medium
ASSET-637,Cloud-Resource-637,S3,No,16,Yes,Low,High,6,Updated,Yes,No,9,4,51,High
ASSET-638,Cloud-Resource-638,Lambda,No,15,No,Medium,Low,4,Outdated,Yes,Yes,2,3,37,Medium
ASSET-639,Cloud-Resource-639,RDS,No,10,No,High,Medium,6,Outdated,No,No,4,7,88,Critical
ASSET-640,Cloud-Resource-640,Lambda,Yes,3,Yes,Low,Low,2,Updated,No,Yes,3,2,34,Medium
ASSET-641,Cloud-Resource-641,S3,No,12,No,High,Low,9,Outdated,Yes,No,9,6,78,Critical
ASSET-642,Cloud-Resource-642,VPC,No,7,Yes,Medium,Low,5,Updated,No,Yes,1,2,31,Medium
ASSET-643,Cloud-Resource-643,IAM,Yes,4,No,Low,Low,4,Updated,Yes,No,4,3,42,Medium
ASSET-644,Cloud-Resource-644,VPC,No,18,Yes,Low,Medium,3,Updated,Yes,No,2,2,33,Medium
ASSET-645,Cloud-Resource-645,IAM,Yes,2,No,Medium,Medium,4,Outdated,Yes,No,9,4,56,High
ASSET-646,Cloud-Resource-646,S3,Yes,5,Yes,High,Low,7,Outdated,Yes,No,3,5,70,High
ASSET-647,Cloud-Resource-647,EC2,Yes,7,Yes,Low,Medium,0,Updated,Yes,No,2,3,38,Medium
ASSET-648,Cloud-Resource-648,RDS,Yes,4,Yes,Low,High,7,Updated,No,No,7,5,69,High
ASSET-649,Cloud-Resource-649,VPC,No,17,No,Medium,Medium,7,Updated,Yes,No,10,4,48,Medium
ASSET-650,Cloud-Resource-650,IAM,Yes,10,No,Medium,Low,2,Updated,No,Yes,7,4,52,High
ASSET-651,Cloud-Resource-651,Lambda,No,14,Yes,High,Low,2,Outdated,No,No,6,5,66,High
ASSET-652,Cloud-Resource-652,EC2,No,4,No,High,Low,3,Updated,No,No,3,4,57,High
ASSET-653,Cloud-Resource-653,VPC,No,10,No,Medium,High,2,Outdated,Yes,No,10,5,67,High
ASSET-654,Cloud-Resource-654,Lambda,Yes,10,Yes,Medium,Low,10,Outdated,No,Yes,5,5,69,High
ASSET-655,Cloud-Resource-655,VPC,No,12,No,Low,Low,1,Updated,Yes,No,4,3,37,Medium
ASSET-656,Cloud-Resource-656,IAM,No,1,No,High,High,4,Outdated,Yes,No,7,5,60,High
ASSET-657,Cloud-Resource-657,RDS,Yes,16,No,High,Medium,0,Updated,Yes,No,7,5,70,High
ASSET-658,Cloud-Resource-658,S3,Yes,4,Yes,Medium,Low,4,Updated,Yes,No,3,2,30,Medium
ASSET-659,Cloud-Resource-659,VPC,No,3,Yes,High,Low,0,Updated,No,Yes,3,2,32,Medium
ASSET-660,Cloud-Resource-660,EC2,No,12,Yes,Medium,High,7,Updated,Yes,Yes,7,3,45,Medium
ASSET-661,Cloud-Resource-661,S3,No,15,No,Medium,Low,3,Outdated,No,No,9,5,68,High
ASSET-662,Cloud-Resource-662,EC2,No,14,Yes,High,Medium,2,Updated,No,No,10,4,48,Medium
ASSET-663,Cloud-Resource-663,IAM,Yes,6,Yes,Low,Medium,4,Updated,Yes,No,3,3,46,Medium
ASSET-664,Cloud-Resource-664,S3,Yes,2,Yes,Low,High,7,Outdated,Yes,No,3,5,69,High
ASSET-665,Cloud-Resource-665,Lambda,Yes,1,No,High,Low,0,Updated,No,Yes,2,4,54,High
ASSET-666,Cloud-Resource-666,Lambda,No,15,Yes,High,High,10,Updated,Yes,No,5,5,60,High
ASSET-667,Cloud-Resource-667,Lambda,Yes,0,Yes,Low,Medium,0,Outdated,Yes,No,10,3,37,Medium
ASSET-668,Cloud-Resource-668,IAM,No,9,No,Medium,Medium,3,Outdated,Yes,No,4,4,49,Medium
ASSET-669,Cloud-Resource-669,S3,No,11,Yes,Medium,Low,5,Updated,Yes,No,10,2,24,Low
ASSET-670,Cloud-Resource-670,VPC,Yes,8,Yes,High,Medium,7,Updated,Yes,Yes,7,4,52,High
ASSET-671,Cloud-Resource-671,IAM,No,7,Yes,Low,Medium,3,Updated,No,Yes,2,2,34,Medium
ASSET-672,Cloud-Resource-672,IAM,Yes,5,Yes,High,Low,8,Updated,Yes,No,3,4,48,Medium
ASSET-673,Cloud-Resource-673,Lambda,No,20,No,Low,Low,1,Outdated,Yes,No,3,4,57,High
ASSET-674,Cloud-Resource-674,VPC,Yes,12,Yes,Low,Medium,0,Updated,No,No,7,4,48,Medium
ASSET-675,Cloud-Resource-675,VPC,No,18,Yes,Medium,Medium,10,Updated,No,No,1,4,51,High
ASSET-676,Cloud-Resource-676,S3,Yes,0,Yes,Low,Low,9,Outdated,Yes,No,9,4,48,Medium
ASSET-677,Cloud-Resource-677,RDS,No,19,Yes,Low,Medium,10,Updated,No,No,1,4,52,High
ASSET-678,Cloud-Resource-678,Lambda,Yes,8,Yes,Low,High,5,Updated,No,No,5,5,62,High
ASSET-679,Cloud-Resource-679,S3,No,13,No,Medium,High,2,Outdated,Yes,No,8,5,67,High
ASSET-680,Cloud-Resource-680,RDS,No,19,No,Low,Medium,8,Outdated,Yes,Yes,10,4,54,High
ASSET-681,Cloud-Resource-681,IAM,Yes,3,No,Low,High,6,Updated,No,Yes,4,5,62,High
ASSET-682,Cloud-Resource-682,IAM,Yes,6,Yes,High,Medium,2,Outdated,Yes,No,3,5,61,High
ASSET-683,Cloud-Resource-683,IAM,Yes,6,Yes,High,High,9,Outdated,No,No,2,8,100,Critical
ASSET-684,Cloud-Resource-684,EC2,Yes,12,Yes,High,Medium,9,Outdated,No,No,8,7,87,Critical
ASSET-685,Cloud-Resource-685,RDS,No,13,No,Medium,High,9,Outdated,Yes,Yes,6,5,67,High
ASSET-686,Cloud-Resource-686,IAM,No,7,Yes,Medium,Medium,2,Updated,Yes,Yes,9,1,14,Low
ASSET-687,Cloud-Resource-687,Lambda,No,13,Yes,Low,High,5,Updated,No,Yes,1,3,36,Medium
ASSET-688,Cloud-Resource-688,S3,Yes,15,Yes,Medium,Medium,8,Outdated,No,No,3,6,82,Critical
ASSET-689,Cloud-Resource-689,VPC,No,1,Yes,High,Medium,4,Updated,No,Yes,10,2,30,Medium
ASSET-690,Cloud-Resource-690,RDS,No,7,No,High,High,7,Updated,No,No,3,7,85,Critical
ASSET-691,Cloud-Resource-691,IAM,Yes,15,Yes,Low,Low,4,Updated,Yes,No,5,3,44,Medium
ASSET-692,Cloud-Resource-692,VPC,No,11,Yes,Low,Medium,6,Outdated,No,Yes,10,4,55,High
ASSET-693,Cloud-Resource-693,RDS,Yes,1,Yes,Medium,Low,3,Updated,No,Yes,9,2,32,Medium
ASSET-694,Cloud-Resource-694,Lambda,Yes,19,Yes,High,Low,4,Outdated,No,Yes,1,5,68,High
ASSET-695,Cloud-Resource-695,Lambda,Yes,10,Yes,High,Medium,10,Updated,Yes,No,5,5,66,High
ASSET-696,Cloud-Resource-696,IAM,Yes,2,Yes,Medium,Low,5,Updated,Yes,Yes,1,1,14,Low
ASSET-697,Cloud-Resource-697,IAM,Yes,10,Yes,Medium,Medium,0,Updated,Yes,No,4,3,43,Medium
ASSET-698,Cloud-Resource-698,RDS,Yes,8,No,High,Medium,0,Updated,No,No,9,6,74,High
ASSET-699,Cloud-Resource-699,VPC,Yes,11,Yes,Low,High,7,Outdated,Yes,No,1,6,73,High
ASSET-700,Cloud-Resource-700,S3,Yes,16,Yes,Low,Low,3,Updated,No,No,3,4,57,High
ASSET-701,Cloud-Resource-701,RDS,No,13,Yes,High,Low,4,Updated,No,Yes,2,3,39,Medium
ASSET-702,Cloud-Resource-702,EC2,Yes,3,No,Low,Low,1,Updated,Yes,No,1,3,38,Medium
ASSET-703,Cloud-Resource-703,S3,Yes,20,No,Medium,High,4,Outdated,Yes,No,3,6,76,Critical
ASSET-704,Cloud-Resource-704,Lambda,Yes,6,Yes,Medium,High,5,Outdated,Yes,Yes,4,4,55,High
ASSET-705,Cloud-Resource-705,VPC,No,15,No,Medium,Medium,5,Updated,No,No,4,4,51,High
ASSET-706,Cloud-Resource-706,IAM,No,18,Yes,Medium,High,1,Updated,Yes,Yes,7,2,25,Medium
ASSET-707,Cloud-Resource-707,IAM,No,8,No,High,Medium,6,Updated,No,Yes,4,5,61,High
ASSET-708,Cloud-Resource-708,VPC,No,12,Yes,High,High,5,Outdated,Yes,No,1,5,63,High
ASSET-709,Cloud-Resource-709,RDS,No,2,No,Medium,Medium,4,Updated,Yes,Yes,7,1,19,Low
ASSET-710,Cloud-Resource-710,IAM,Yes,12,Yes,Medium,Low,0,Updated,No,No,5,4,48,Medium
ASSET-711,Cloud-Resource-711,S3,Yes,16,Yes,Medium,Medium,2,Outdated,No,Yes,9,4,51,High
ASSET-712,Cloud-Resource-712,EC2,Yes,5,No,Low,Medium,9,Outdated,Yes,Yes,10,4,53,High
ASSET-713,Cloud-Resource-713,S3,Yes,20,No,Medium,Medium,4,Outdated,Yes,No,7,5,66,High
ASSET-714,Cloud-Resource-714,Lambda,Yes,12,No,Medium,Low,4,Outdated,Yes,No,7,5,66,High
ASSET-715,Cloud-Resource-715,EC2,No,6,Yes,High,High,9,Outdated,Yes,Yes,2,5,64,High
ASSET-716,Cloud-Resource-716,RDS,No,11,Yes,Medium,Low,4,Updated,Yes,No,10,2,27,Medium
ASSET-717,Cloud-Resource-717,EC2,No,15,No,Medium,Low,4,Outdated,Yes,Yes,9,3,44,Medium
ASSET-718,Cloud-Resource-718,EC2,No,1,Yes,High,Medium,6,Updated,Yes,Yes,4,2,24,Low
ASSET-719,Cloud-Resource-719,Lambda,No,18,Yes,High,Medium,0,Updated,No,No,1,4,52,High
ASSET-720,Cloud-Resource-720,IAM,Yes,6,No,Medium,Low,0,Updated,Yes,Yes,6,3,37,Medium
ASSET-721,Cloud-Resource-721,IAM,Yes,4,No,High,High,4,Outdated,No,Yes,9,6,82,Critical
ASSET-722,Cloud-Resource-722,VPC,No,18,No,Low,High,1,Outdated,No,Yes,9,5,64,High
ASSET-723,Cloud-Resource-723,RDS,Yes,7,No,Medium,Medium,5,Outdated,No,No,4,6,80,Critical
ASSET-724,Cloud-Resource-724,S3,Yes,10,Yes,High,Medium,9,Updated,No,Yes,1,5,65,High
ASSET-725,Cloud-Resource-725,RDS,No,0,No,Medium,High,3,Updated,No,Yes,6,3,42,Medium
ASSET-726,Cloud-Resource-726,Lambda,No,5,Yes,Medium,Low,4,Outdated,No,No,7,3,42,Medium
ASSET-727,Cloud-Resource-727,EC2,Yes,16,No,Low,Low,3,Outdated,Yes,Yes,7,4,56,High
ASSET-728,Cloud-Resource-728,IAM,Yes,4,Yes,Low,High,7,Updated,Yes,Yes,8,3,44,Medium
ASSET-729,Cloud-Resource-729,VPC,No,20,Yes,Medium,Low,8,Updated,No,No,2,4,53,High
ASSET-730,Cloud-Resource-730,S3,Yes,16,No,Medium,Medium,4,Updated,Yes,No,3,4,54,High
ASSET-731,Cloud-Resource-731,RDS,Yes,4,Yes,Low,Low,3,Outdated,No,No,9,4,49,Medium
ASSET-732,Cloud-Resource-732,VPC,No,17,Yes,Low,Medium,10,Updated,Yes,Yes,7,2,31,Medium
ASSET-733,Cloud-Resource-733,S3,No,3,No,Low,High,3,Outdated,Yes,Yes,8,3,41,Medium
ASSET-734,Cloud-Resource-734,RDS,No,5,Yes,Medium,Low,9,Updated,Yes,Yes,10,1,15,Low
ASSET-735,Cloud-Resource-735,VPC,No,19,Yes,Low,High,10,Outdated,Yes,Yes,1,4,54,High
ASSET-736,Cloud-Resource-736,RDS,Yes,7,No,High,Low,1,Updated,No,Yes,9,5,64,High
ASSET-737,Cloud-Resource-737,RDS,No,15,No,Medium,Medium,5,Outdated,Yes,No,10,4,50,High
ASSET-738,Cloud-Resource-738,VPC,Yes,10,No,Medium,Medium,7,Outdated,No,No,8,7,86,Critical
ASSET-739,Cloud-Resource-739,RDS,Yes,9,No,High,High,10,Updated,Yes,No,6,7,92,Critical
ASSET-740,Cloud-Resource-740,IAM,No,6,Yes,Low,Medium,3,Updated,No,Yes,3,2,26,Medium
ASSET-741,Cloud-Resource-741,RDS,No,3,No,Low,High,9,Updated,No,No,7,5,61,High
ASSET-742,Cloud-Resource-742,VPC,No,14,Yes,High,Medium,5,Outdated,No,No,4,5,69,High
ASSET-743,Cloud-Resource-743,EC2,Yes,2,No,Low,Low,6,Outdated,Yes,No,1,5,63,High
ASSET-744,Cloud-Resource-744,Lambda,No,7,Yes,Low,High,10,Updated,Yes,No,4,4,58,High
ASSET-745,Cloud-Resource-745,RDS,No,8,Yes,Medium,Medium,1,Outdated,Yes,Yes,4,2,33,Medium
ASSET-746,Cloud-Resource-746,IAM,No,6,Yes,Low,High,4,Outdated,Yes,Yes,2,3,37,Medium
ASSET-747,Cloud-Resource-747,RDS,No,11,No,High,Low,8,Outdated,No,Yes,6,6,78,Critical
ASSET-748,Cloud-Resource-748,VPC,Yes,20,Yes,Low,High,9,Outdated,No,Yes,2,6,78,Critical
ASSET-749,Cloud-Resource-749,VPC,Yes,5,Yes,Low,High,3,Outdated,No,Yes,2,4,52,High
ASSET-750,Cloud-Resource-750,S3,No,17,No,Medium,Low,4,Updated,Yes,Yes,8,2,32,Medium
ASSET-751,Cloud-Resource-751,IAM,Yes,18,No,Low,High,0,Outdated,Yes,Yes,5,5,66,High
ASSET-752,Cloud-Resource-752,RDS,Yes,20,Yes,Medium,Medium,8,Updated,No,Yes,4,4,52,High
ASSET-753,Cloud-Resource-753,VPC,No,8,Yes,Medium,Medium,8,Updated,Yes,No,10,3,42,Medium
ASSET-754,Cloud-Resource-754,VPC,No,16,No,Low,Medium,0,Updated,No,No,8,4,49,Medium
ASSET-755,Cloud-Resource-755,EC2,Yes,5,No,Medium,Medium,1,Outdated,No,No,8,5,70,High
ASSET-756,Cloud-Resource-756,VPC,Yes,6,Yes,High,Medium,1,Updated,Yes,No,4,4,49,Medium
ASSET-757,Cloud-Resource-757,IAM,Yes,16,Yes,High,Medium,6,Outdated,No,Yes,8,6,76,Critical
ASSET-758,Cloud-Resource-758,EC2,No,4,Yes,Low,Medium,3,Updated,Yes,No,6,1,18,Low
ASSET-759,Cloud-Resource-759,VPC,Yes,8,No,Medium,Low,1,Updated,Yes,No,8,4,51,High
ASSET-760,Cloud-Resource-760,VPC,No,1,No,High,High,3,Outdated,No,No,10,6,80,Critical
ASSET-761,Cloud-Resource-761,IAM,No,13,No,High,High,9,Updated,Yes,No,3,6,78,Critical
ASSET-762,Cloud-Resource-762,VPC,No,10,No,Medium,Low,7,Outdated,No,No,5,6,79,Critical
ASSET-763,Cloud-Resource-763,Lambda,Yes,12,Yes,High,High,9,Outdated,No,Yes,10,7,87,Critical
ASSET-764,Cloud-Resource-764,VPC,Yes,5,No,Low,Low,2,Outdated,No,No,2,5,63,High
ASSET-765,Cloud-Resource-765,S3,No,15,No,High,Low,5,Updated,Yes,No,8,4,58,High
ASSET-766,Cloud-Resource-766,EC2,No,11,Yes,Medium,Medium,8,Outdated,Yes,Yes,1,3,45,Medium
ASSET-767,Cloud-Resource-767,IAM,No,18,Yes,High,Medium,2,Outdated,No,Yes,1,4,56,High
ASSET-768,Cloud-Resource-768,RDS,No,4,Yes,Low,Medium,0,Outdated,Yes,No,4,2,25,Medium
ASSET-769,Cloud-Resource-769,IAM,Yes,20,No,Medium,Low,10,Outdated,Yes,No,5,6,82,Critical
ASSET-770,Cloud-Resource-770,EC2,Yes,7,No,Medium,Low,3,Updated,No,Yes,4,4,50,High
ASSET-771,Cloud-Resource-771,S3,No,16,Yes,Low,Medium,5,Outdated,No,No,5,4,48,Medium
ASSET-772,Cloud-Resource-772,S3,Yes,4,Yes,High,Low,9,Outdated,No,No,1,6,76,Critical
ASSET-773,Cloud-Resource-773,VPC,Yes,12,No,Medium,Medium,7,Updated,Yes,Yes,7,4,52,High
ASSET-774,Cloud-Resource-774,EC2,No,19,No,High,Medium,3,Outdated,Yes,No,4,5,69,High
ASSET-775,Cloud-Resource-775,IAM,Yes,0,No,Medium,Low,4,Outdated,No,Yes,9,4,48,Medium
ASSET-776,Cloud-Resource-776,RDS,Yes,18,Yes,Low,High,8,Outdated,No,No,2,7,84,Critical
ASSET-777,Cloud-Resource-777,VPC,No,10,Yes,Medium,Medium,4,Outdated,Yes,No,2,3,44,Medium
ASSET-778,Cloud-Resource-778,VPC,No,0,Yes,High,Low,0,Outdated,No,No,6,4,48,Medium
ASSET-779,Cloud-Resource-779,RDS,Yes,9,Yes,Medium,High,10,Outdated,Yes,No,4,6,75,Critical
ASSET-780,Cloud-Resource-780,S3,No,0,No,Low,Low,2,Outdated,No,No,6,4,51,High
ASSET-781,Cloud-Resource-781,S3,No,7,No,Low,Medium,3,Outdated,Yes,No,3,4,58,High
ASSET-782,Cloud-Resource-782,IAM,No,19,Yes,High,High,3,Updated,No,No,2,5,70,High
ASSET-783,Cloud-Resource-783,RDS,No,18,No,Medium,Medium,7,Updated,Yes,Yes,7,3,44,Medium
ASSET-784,Cloud-Resource-784,RDS,No,1,Yes,Low,Medium,0,Outdated,No,No,5,3,43,Medium
ASSET-785,Cloud-Resource-785,IAM,No,19,No,High,Low,2,Outdated,Yes,Yes,5,4,55,High
ASSET-786,Cloud-Resource-786,S3,No,0,No,High,Low,3,Updated,Yes,Yes,9,2,32,Medium
ASSET-787,Cloud-Resource-787,RDS,No,2,No,Medium,Medium,6,Outdated,No,No,5,5,62,High
ASSET-788,Cloud-Resource-788,S3,No,19,Yes,Low,Low,5,Updated,Yes,No,10,2,32,Medium
ASSET-789,Cloud-Resource-789,S3,No,19,No,Low,Medium,0,Updated,No,No,2,4,48,Medium
ASSET-790,Cloud-Resource-790,S3,Yes,14,Yes,Medium,Low,6,Outdated,Yes,No,2,5,69,High
ASSET-791,Cloud-Resource-791,Lambda,Yes,15,Yes,Medium,Low,1,Outdated,Yes,Yes,8,3,46,Medium
ASSET-792,Cloud-Resource-792,IAM,No,1,Yes,High,Medium,10,Outdated,Yes,No,10,4,58,High
ASSET-793,Cloud-Resource-793,IAM,Yes,0,No,Low,High,1,Outdated,Yes,No,9,5,64,High
ASSET-794,Cloud-Resource-794,IAM,Yes,10,Yes,High,Medium,1,Updated,Yes,No,3,4,55,High
ASSET-795,Cloud-Resource-795,EC2,No,3,Yes,Medium,Low,4,Outdated,No,No,3,3,40,Medium
ASSET-796,Cloud-Resource-796,S3,No,10,No,High,High,6,Outdated,Yes,No,4,7,93,Critical
ASSET-797,Cloud-Resource-797,VPC,No,15,Yes,Medium,High,4,Updated,No,Yes,2,3,37,Medium
ASSET-798,Cloud-Resource-798,EC2,Yes,18,No,High,Low,7,Updated,No,Yes,5,6,78,Critical
ASSET-799,Cloud-Resource-799,S3,No,3,Yes,Medium,High,3,Updated,Yes,Yes,3,1,12,Low
ASSET-800,Cloud-Resource-800,VPC,No,16,No,Medium,High,1,Outdated,Yes,Yes,1,4,51,High
ASSET-801,Cloud-Resource-801,VPC,Yes,14,No,Low,Medium,0,Outdated,No,Yes,6,5,65,High
ASSET-802,Cloud-Resource-802,S3,Yes,11,No,High,High,4,Outdated,Yes,No,9,7,86,Critical
ASSET-803,Cloud-Resource-803,IAM,Yes,19,No,Low,Low,0,Outdated,Yes,No,6,5,64,High
ASSET-804,Cloud-Resource-804,IAM,Yes,17,No,Low,Low,7,Updated,No,Yes,6,5,67,High
ASSET-805,Cloud-Resource-805,S3,No,17,No,High,Low,0,Outdated,No,No,6,6,72,High
ASSET-806,Cloud-Resource-806,RDS,No,17,Yes,Low,High,1,Outdated,Yes,Yes,3,3,44,Medium
ASSET-807,Cloud-Resource-807,S3,No,1,No,Low,Low,10,Updated,No,Yes,1,3,45,Medium
ASSET-808,Cloud-Resource-808,Lambda,Yes,0,No,Medium,Low,0,Outdated,No,Yes,5,4,50,High
ASSET-809,Cloud-Resource-809,RDS,Yes,11,No,Medium,High,6,Updated,Yes,Yes,6,5,67,High
ASSET-810,Cloud-Resource-810,VPC,No,10,No,Low,Medium,5,Outdated,Yes,No,2,4,50,High
ASSET-811,Cloud-Resource-811,RDS,No,16,No,Low,Low,4,Updated,No,Yes,10,3,46,Medium
ASSET-812,Cloud-Resource-812,RDS,No,18,No,High,Low,8,Outdated,No,No,7,7,85,Critical
ASSET-813,Cloud-Resource-813,VPC,Yes,19,No,Low,Low,10,Outdated,Yes,Yes,2,5,61,High
ASSET-814,Cloud-Resource-814,EC2,No,8,No,Low,Medium,1,Outdated,No,Yes,7,4,49,Medium
ASSET-815,Cloud-Resource-815,VPC,Yes,7,No,Medium,Low,8,Updated,Yes,Yes,5,4,57,High
ASSET-816,Cloud-Resource-816,VPC,No,14,Yes,Low,Medium,4,Outdated,Yes,Yes,9,2,28,Medium
ASSET-817,Cloud-Resource-817,EC2,Yes,7,Yes,Medium,High,0,Outdated,Yes,No,2,5,70,High
ASSET-818,Cloud-Resource-818,EC2,No,9,No,High,High,7,Outdated,No,Yes,4,7,88,Critical
ASSET-819,Cloud-Resource-819,S3,Yes,18,Yes,High,High,3,Updated,No,Yes,8,5,61,High
ASSET-820,Cloud-Resource-820,IAM,Yes,11,Yes,High,Low,9,Updated,No,Yes,5,5,60,High
ASSET-821,Cloud-Resource-821,EC2,Yes,11,Yes,Medium,Low,1,Updated,Yes,Yes,5,2,31,Medium
ASSET-822,Cloud-Resource-822,EC2,Yes,9,Yes,Low,Low,6,Updated,No,No,7,5,65,High
ASSET-823,Cloud-Resource-823,Lambda,No,10,Yes,Low,Low,2,Outdated,No,Yes,4,3,42,Medium
ASSET-824,Cloud-Resource-824,VPC,No,8,Yes,Medium,High,4,Updated,No,No,3,4,52,High
ASSET-825,Cloud-Resource-825,RDS,Yes,13,Yes,High,Low,1,Updated,Yes,No,8,4,49,Medium
ASSET-826,Cloud-Resource-826,IAM,No,1,Yes,Low,Medium,7,Updated,No,No,4,3,45,Medium
ASSET-827,Cloud-Resource-827,RDS,No,11,No,Low,High,6,Updated,Yes,Yes,4,4,58,High
ASSET-828,Cloud-Resource-828,Lambda,No,16,Yes,High,Medium,5,Outdated,Yes,Yes,6,3,46,Medium
ASSET-829,Cloud-Resource-829,RDS,Yes,12,Yes,Low,Medium,5,Outdated,Yes,No,6,4,55,High
ASSET-830,Cloud-Resource-830,EC2,No,11,No,Medium,Medium,1,Outdated,No,No,1,5,60,High
ASSET-831,Cloud-Resource-831,EC2,Yes,20,No,Medium,Medium,1,Outdated,No,Yes,5,5,67,High
ASSET-832,Cloud-Resource-832,RDS,Yes,20,No,Medium,High,7,Outdated,No,Yes,7,7,90,Critical
ASSET-833,Cloud-Resource-833,IAM,No,8,Yes,Medium,High,2,Outdated,No,No,10,5,69,High
ASSET-834,Cloud-Resource-834,S3,No,14,No,Low,Medium,0,Outdated,No,Yes,7,4,57,High
ASSET-835,Cloud-Resource-835,EC2,No,14,No,High,High,6,Outdated,No,Yes,8,7,88,Critical
ASSET-836,Cloud-Resource-836,IAM,No,13,No,High,Low,6,Updated,No,No,6,6,80,Critical
ASSET-837,Cloud-Resource-837,IAM,Yes,5,No,Low,Low,9,Outdated,Yes,Yes,7,4,49,Medium
ASSET-838,Cloud-Resource-838,EC2,Yes,0,Yes,High,Low,6,Outdated,Yes,No,3,5,62,High
ASSET-839,Cloud-Resource-839,IAM,No,16,No,High,Low,3,Outdated,No,No,6,6,75,Critical
ASSET-840,Cloud-Resource-840,Lambda,Yes,8,No,High,Medium,2,Updated,Yes,Yes,1,4,52,High
ASSET-841,Cloud-Resource-841,RDS,Yes,4,Yes,Medium,High,4,Updated,No,No,2,4,52,High
ASSET-842,Cloud-Resource-842,IAM,Yes,8,No,High,Low,9,Outdated,Yes,No,2,7,87,Critical
ASSET-843,Cloud-Resource-843,IAM,Yes,13,Yes,Medium,Low,0,Updated,No,Yes,1,3,43,Medium
ASSET-844,Cloud-Resource-844,S3,Yes,17,Yes,Medium,High,6,Updated,No,No,4,6,76,Critical
ASSET-845,Cloud-Resource-845,IAM,Yes,9,No,Low,Medium,10,Outdated,Yes,No,1,6,76,Critical
ASSET-846,Cloud-Resource-846,VPC,Yes,4,No,Low,Medium,3,Outdated,Yes,No,7,4,51,High
ASSET-847,Cloud-Resource-847,VPC,Yes,12,Yes,High,Medium,7,Outdated,Yes,Yes,6,5,62,High
ASSET-848,Cloud-Resource-848,RDS,No,1,Yes,High,Low,9,Updated,Yes,No,1,3,45,Medium
ASSET-849,Cloud-Resource-849,IAM,Yes,9,Yes,Low,Medium,6,Updated,No,Yes,9,4,56,High
ASSET-850,Cloud-Resource-850,S3,No,9,Yes,High,High,9,Updated,Yes,Yes,6,4,52,High
ASSET-851,Cloud-Resource-851,EC2,Yes,16,No,Medium,High,7,Updated,No,No,10,7,84,Critical
ASSET-852,Cloud-Resource-852,IAM,No,18,Yes,Low,High,1,Outdated,Yes,No,2,4,54,High
ASSET-853,Cloud-Resource-853,VPC,No,14,Yes,Low,Medium,0,Outdated,No,Yes,1,3,43,Medium
ASSET-854,Cloud-Resource-854,VPC,No,4,No,Low,High,0,Outdated,No,Yes,7,4,49,Medium
ASSET-855,Cloud-Resource-855,VPC,Yes,7,Yes,Low,High,8,Updated,No,Yes,5,5,61,High
ASSET-856,Cloud-Resource-856,Lambda,No,16,No,High,High,2,Updated,No,Yes,9,5,69,High
ASSET-857,Cloud-Resource-857,S3,No,17,Yes,Medium,Medium,10,Outdated,Yes,No,9,4,53,High
ASSET-858,Cloud-Resource-858,RDS,No,17,No,High,Low,3,Updated,No,No,10,5,61,High
ASSET-859,Cloud-Resource-859,S3,No,19,Yes,Low,High,4,Updated,Yes,No,7,3,36,Medium
ASSET-860,Cloud-Resource-860,RDS,No,4,No,Low,High,4,Outdated,No,No,8,5,65,High
ASSET-861,Cloud-Resource-861,EC2,Yes,1,No,High,High,5,Outdated,No,No,6,7,93,Critical
ASSET-862,Cloud-Resource-862,EC2,Yes,10,Yes,High,High,3,Updated,No,Yes,5,5,66,High
ASSET-863,Cloud-Resource-863,S3,Yes,14,No,Medium,Medium,4,Updated,Yes,No,7,4,49,Medium
ASSET-864,Cloud-Resource-864,VPC,Yes,11,No,Medium,Low,9,Updated,No,Yes,8,5,60,High
ASSET-865,Cloud-Resource-865,EC2,No,2,No,High,Medium,4,Outdated,Yes,No,1,4,57,High
ASSET-866,Cloud-Resource-866,EC2,Yes,0,Yes,Medium,High,4,Outdated,Yes,No,9,4,54,High
ASSET-867,Cloud-Resource-867,IAM,No,3,No,Medium,Low,0,Outdated,Yes,Yes,6,2,26,Medium
ASSET-868,Cloud-Resource-868,Lambda,No,4,No,Low,High,6,Outdated,Yes,No,1,5,63,High
ASSET-869,Cloud-Resource-869,S3,No,10,No,Medium,Medium,10,Outdated,No,No,5,6,76,Critical
ASSET-870,Cloud-Resource-870,Lambda,Yes,11,Yes,High,Medium,4,Updated,No,Yes,1,4,52,High
ASSET-871,Cloud-Resource-871,IAM,No,19,No,High,Low,0,Updated,No,No,10,5,68,High
ASSET-872,Cloud-Resource-872,Lambda,Yes,6,No,Low,Medium,0,Outdated,No,Yes,1,5,62,High
ASSET-873,Cloud-Resource-873,IAM,No,11,No,Medium,Medium,10,Outdated,Yes,Yes,8,4,51,High
ASSET-874,Cloud-Resource-874,RDS,Yes,13,Yes,High,Medium,2,Outdated,No,No,1,6,76,Critical
ASSET-875,Cloud-Resource-875,IAM,No,13,Yes,Low,Low,9,Outdated,No,Yes,9,4,58,High
ASSET-876,Cloud-Resource-876,S3,No,6,No,High,Medium,3,Updated,Yes,No,6,4,55,High
ASSET-877,Cloud-Resource-877,IAM,No,7,No,Medium,Medium,9,Outdated,No,No,8,6,72,High
ASSET-878,Cloud-Resource-878,Lambda,Yes,0,Yes,High,Medium,9,Outdated,No,Yes,8,5,66,High
ASSET-879,Cloud-Resource-879,IAM,Yes,10,Yes,Medium,High,9,Updated,Yes,No,4,5,67,High
ASSET-880,Cloud-Resource-880,S3,No,13,Yes,Medium,Low,1,Outdated,No,No,2,4,52,High
ASSET-881,Cloud-Resource-881,RDS,No,15,Yes,High,Low,2,Outdated,No,Yes,3,4,51,High
ASSET-882,Cloud-Resource-882,S3,Yes,4,Yes,High,Low,4,Updated,No,Yes,7,3,45,Medium
ASSET-883,Cloud-Resource-883,RDS,Yes,7,No,High,Low,4,Outdated,No,Yes,6,6,77,Critical
ASSET-884,Cloud-Resource-884,EC2,No,11,Yes,Medium,Medium,2,Outdated,Yes,No,6,3,41,Medium
ASSET-885,Cloud-Resource-885,EC2,Yes,19,Yes,High,High,0,Outdated,Yes,Yes,8,5,70,High
ASSET-886,Cloud-Resource-886,VPC,No,9,Yes,Low,Low,6,Updated,No,No,8,4,49,Medium
ASSET-887,Cloud-Resource-887,EC2,Yes,15,Yes,Low,Medium,8,Updated,No,Yes,1,4,53,High
ASSET-888,Cloud-Resource-888,Lambda,No,14,Yes,Low,High,8,Updated,Yes,No,3,4,53,High
ASSET-889,Cloud-Resource-889,EC2,No,20,Yes,High,High,9,Updated,Yes,Yes,4,4,53,High
ASSET-890,Cloud-Resource-890,IAM,Yes,16,No,High,Medium,10,Updated,No,Yes,3,6,82,Critical
ASSET-891,Cloud-Resource-891,Lambda,No,5,No,Low,Low,5,Updated,No,Yes,9,2,29,Medium
ASSET-892,Cloud-Resource-892,EC2,No,18,Yes,Medium,Low,3,Updated,No,No,6,3,42,Medium
ASSET-893,Cloud-Resource-893,EC2,No,8,No,High,High,3,Outdated,No,No,8,7,88,Critical
ASSET-894,Cloud-Resource-894,VPC,Yes,6,No,High,Medium,0,Outdated,Yes,Yes,7,5,65,High
ASSET-895,Cloud-Resource-895,RDS,No,18,Yes,High,Medium,3,Outdated,Yes,Yes,4,3,39,Medium
ASSET-896,Cloud-Resource-896,Lambda,Yes,3,No,Low,Medium,2,Updated,No,Yes,9,3,41,Medium
ASSET-897,Cloud-Resource-897,RDS,Yes,5,Yes,Medium,High,8,Updated,Yes,No,6,4,58,High
ASSET-898,Cloud-Resource-898,RDS,Yes,12,Yes,Medium,High,7,Updated,No,Yes,9,5,62,High
ASSET-899,Cloud-Resource-899,EC2,No,15,No,Low,Medium,4,Outdated,No,Yes,2,4,49,Medium
ASSET-900,Cloud-Resource-900,EC2,No,12,Yes,Low,Low,9,Updated,No,Yes,6,3,43,Medium
ASSET-901,Cloud-Resource-901,Lambda,No,9,No,Medium,High,3,Outdated,No,No,6,6,72,High
ASSET-902,Cloud-Resource-902,Lambda,No,18,Yes,Medium,Medium,3,Outdated,No,Yes,10,3,39,Medium
ASSET-903,Cloud-Resource-903,EC2,Yes,18,No,Medium,Medium,5,Outdated,Yes,No,9,5,61,High
ASSET-904,Cloud-Resource-904,Lambda,No,5,No,Low,Low,0,Updated,Yes,Yes,3,1,22,Low
ASSET-905,Cloud-Resource-905,RDS,Yes,19,Yes,High,Low,10,Outdated,Yes,No,3,6,77,Critical
ASSET-906,Cloud-Resource-906,RDS,No,12,No,Low,Medium,2,Outdated,Yes,No,10,4,58,High
ASSET-907,Cloud-Resource-907,S3,Yes,2,No,Low,Low,1,Updated,No,No,6,4,51,High
ASSET-908,Cloud-Resource-908,IAM,Yes,14,No,Medium,Low,2,Outdated,Yes,Yes,5,4,51,High
ASSET-909,Cloud-Resource-909,IAM,Yes,18,No,High,High,2,Updated,No,Yes,1,6,76,Critical
ASSET-910,Cloud-Resource-910,VPC,No,19,No,Medium,Medium,1,Outdated,Yes,No,5,4,50,High
ASSET-911,Cloud-Resource-911,VPC,No,0,Yes,Low,High,7,Updated,No,Yes,10,3,39,Medium
ASSET-912,Cloud-Resource-912,EC2,No,4,Yes,High,Medium,0,Outdated,No,Yes,9,3,36,Medium
ASSET-913,Cloud-Resource-913,Lambda,Yes,6,Yes,Medium,Medium,1,Outdated,No,Yes,3,4,51,High
ASSET-914,Cloud-Resource-914,VPC,No,14,Yes,Low,Medium,0,Updated,Yes,No,4,2,30,Medium
ASSET-915,Cloud-Resource-915,EC2,Yes,3,No,Medium,Medium,0,Updated,Yes,Yes,1,2,25,Medium
ASSET-916,Cloud-Resource-916,VPC,No,19,Yes,Medium,High,1,Outdated,No,No,10,5,60,High
ASSET-917,Cloud-Resource-917,EC2,Yes,3,Yes,Medium,High,4,Updated,No,Yes,3,3,43,Medium
ASSET-918,Cloud-Resource-918,EC2,No,17,No,Low,Low,3,Outdated,No,Yes,3,4,57,High
ASSET-919,Cloud-Resource-919,RDS,No,4,No,Low,Medium,1,Outdated,Yes,No,9,3,43,Medium
ASSET-920,Cloud-Resource-920,EC2,No,12,No,Medium,Medium,6,Outdated,Yes,Yes,6,4,57,High
ASSET-921,Cloud-Resource-921,RDS,Yes,14,Yes,Low,High,9,Updated,Yes,No,8,5,70,High
ASSET-922,Cloud-Resource-922,IAM,Yes,19,Yes,High,Low,2,Outdated,Yes,Yes,7,4,53,High
ASSET-923,Cloud-Resource-923,S3,Yes,3,Yes,High,Low,9,Updated,Yes,Yes,5,3,41,Medium
ASSET-924,Cloud-Resource-924,EC2,Yes,8,Yes,Low,Medium,10,Outdated,Yes,Yes,9,4,51,High
ASSET-925,Cloud-Resource-925,EC2,No,0,Yes,Low,Low,9,Outdated,Yes,No,7,3,46,Medium
ASSET-926,Cloud-Resource-926,S3,Yes,11,Yes,Medium,High,10,Updated,No,Yes,7,5,63,High
ASSET-927,Cloud-Resource-927,VPC,No,18,No,High,Medium,9,Updated,Yes,Yes,9,4,55,High
ASSET-928,Cloud-Resource-928,VPC,Yes,12,Yes,Low,Medium,9,Updated,No,Yes,10,4,52,High
ASSET-929,Cloud-Resource-929,IAM,No,5,Yes,High,Medium,10,Outdated,Yes,No,9,4,48,Medium
ASSET-930,Cloud-Resource-930,VPC,Yes,9,No,Low,Medium,0,Updated,No,Yes,8,4,55,High
ASSET-931,Cloud-Resource-931,S3,No,14,Yes,Medium,Medium,1,Updated,Yes,No,4,2,33,Medium
ASSET-932,Cloud-Resource-932,IAM,No,12,Yes,Low,Low,1,Updated,No,No,7,3,36,Medium
ASSET-933,Cloud-Resource-933,Lambda,Yes,16,Yes,High,Low,4,Outdated,No,Yes,9,5,64,High
ASSET-934,Cloud-Resource-934,VPC,Yes,5,Yes,Low,Medium,0,Updated,Yes,No,7,2,33,Medium
ASSET-935,Cloud-Resource-935,Lambda,Yes,5,No,High,Medium,2,Outdated,Yes,No,6,5,64,High
ASSET-936,Cloud-Resource-936,EC2,No,0,Yes,Low,Medium,1,Outdated,Yes,Yes,9,1,19,Low
ASSET-937,Cloud-Resource-937,S3,Yes,14,Yes,High,Low,1,Outdated,No,Yes,3,5,63,High
ASSET-938,Cloud-Resource-938,EC2,Yes,5,Yes,Medium,Medium,7,Outdated,Yes,Yes,6,3,44,Medium
ASSET-939,Cloud-Resource-939,Lambda,No,13,No,Medium,Low,7,Outdated,No,Yes,9,5,60,High
ASSET-940,Cloud-Resource-940,IAM,No,19,Yes,Medium,Medium,9,Outdated,Yes,Yes,2,3,40,Medium
ASSET-941,Cloud-Resource-941,RDS,No,0,Yes,Low,Low,5,Outdated,No,Yes,8,2,34,Medium
ASSET-942,Cloud-Resource-942,Lambda,Yes,15,No,Medium,Medium,4,Outdated,Yes,Yes,8,4,52,High
ASSET-943,Cloud-Resource-943,IAM,Yes,4,No,Medium,Medium,2,Updated,No,Yes,2,3,36,Medium
ASSET-944,Cloud-Resource-944,RDS,Yes,3,Yes,High,High,9,Updated,No,No,7,6,72,High
ASSET-945,Cloud-Resource-945,S3,No,5,No,Low,Medium,0,Updated,Yes,No,10,2,24,Low
ASSET-946,Cloud-Resource-946,S3,No,15,No,High,Medium,5,Outdated,Yes,Yes,5,4,52,High
ASSET-947,Cloud-Resource-947,RDS,Yes,8,No,Low,High,5,Outdated,No,No,5,7,86,Critical
ASSET-948,Cloud-Resource-948,RDS,Yes,15,Yes,Medium,High,5,Updated,Yes,No,3,4,55,High
ASSET-949,Cloud-Resource-949,VPC,No,18,Yes,Medium,High,1,Outdated,No,No,9,5,61,High
ASSET-950,Cloud-Resource-950,VPC,No,0,Yes,High,High,1,Outdated,No,No,1,5,67,High
ASSET-951,Cloud-Resource-951,EC2,No,20,Yes,Medium,Low,4,Outdated,Yes,Yes,6,2,33,Medium
ASSET-952,Cloud-Resource-952,RDS,No,0,Yes,Low,Medium,4,Updated,No,No,9,2,24,Low
ASSET-953,Cloud-Resource-953,EC2,No,13,No,Low,Low,6,Updated,No,No,3,5,69,High
ASSET-954,Cloud-Resource-954,VPC,No,12,Yes,Medium,High,2,Outdated,No,Yes,1,4,56,High
ASSET-955,Cloud-Resource-955,Lambda,No,2,No,Medium,Low,6,Updated,Yes,Yes,6,2,27,Medium
ASSET-956,Cloud-Resource-956,Lambda,No,14,Yes,Medium,High,1,Outdated,No,No,1,5,61,High
ASSET-957,Cloud-Resource-957,IAM,No,16,No,Medium,Low,0,Updated,Yes,Yes,4,2,29,Medium
ASSET-958,Cloud-Resource-958,Lambda,Yes,20,No,Low,Low,0,Outdated,Yes,Yes,4,4,50,High
ASSET-959,Cloud-Resource-959,S3,Yes,5,Yes,Medium,High,1,Updated,Yes,No,6,3,36,Medium
ASSET-960,Cloud-Resource-960,Lambda,Yes,11,Yes,Medium,High,5,Outdated,Yes,No,6,5,62,High
ASSET-961,Cloud-Resource-961,RDS,Yes,6,No,High,Medium,8,Updated,No,No,4,7,85,Critical
ASSET-962,Cloud-Resource-962,RDS,Yes,20,No,Medium,High,8,Updated,No,No,3,7,86,Critical
ASSET-963,Cloud-Resource-963,EC2,No,10,No,Low,High,9,Outdated,Yes,Yes,7,5,63,High
ASSET-964,Cloud-Resource-964,EC2,No,18,No,Medium,Low,10,Updated,Yes,Yes,10,3,40,Medium
ASSET-965,Cloud-Resource-965,Lambda,Yes,4,Yes,Low,Medium,10,Outdated,Yes,Yes,6,3,43,Medium
ASSET-966,Cloud-Resource-966,S3,Yes,3,Yes,Medium,High,2,Outdated,No,No,1,5,68,High
ASSET-967,Cloud-Resource-967,VPC,No,4,No,Low,Low,9,Outdated,No,No,8,5,60,High
ASSET-968,Cloud-Resource-968,Lambda,No,17,Yes,High,High,9,Updated,Yes,No,5,5,63,High
ASSET-969,Cloud-Resource-969,IAM,No,18,Yes,High,Low,4,Outdated,No,No,4,5,70,High
ASSET-970,Cloud-Resource-970,Lambda,Yes,17,No,Low,High,3,Updated,No,No,3,6,73,High
ASSET-971,Cloud-Resource-971,VPC,Yes,16,No,High,High,5,Outdated,Yes,No,7,7,92,Critical
ASSET-972,Cloud-Resource-972,IAM,No,17,Yes,Medium,Medium,3,Outdated,Yes,No,4,3,39,Medium
ASSET-973,Cloud-Resource-973,S3,Yes,4,No,High,Low,6,Updated,Yes,No,5,5,67,High
ASSET-974,Cloud-Resource-974,S3,Yes,15,Yes,High,Low,1,Updated,No,No,3,5,60,High
ASSET-975,Cloud-Resource-975,Lambda,Yes,0,Yes,Medium,Medium,3,Updated,No,Yes,10,2,33,Medium
ASSET-976,Cloud-Resource-976,Lambda,Yes,12,No,Medium,Low,4,Outdated,No,No,9,6,75,Critical
ASSET-977,Cloud-Resource-977,VPC,Yes,5,Yes,Low,High,9,Outdated,Yes,No,5,5,60,High
ASSET-978,Cloud-Resource-978,EC2,No,8,No,Low,Medium,1,Outdated,Yes,No,6,4,57,High
ASSET-979,Cloud-Resource-979,S3,Yes,9,Yes,Medium,Low,5,Outdated,No,No,8,5,64,High
ASSET-980,Cloud-Resource-980,RDS,Yes,7,Yes,Low,Low,0,Updated,No,No,3,4,51,High
ASSET-981,Cloud-Resource-981,VPC,Yes,3,Yes,Low,Medium,0,Updated,No,No,5,3,42,Medium
ASSET-982,Cloud-Resource-982,VPC,Yes,12,Yes,Low,High,0,Outdated,No,Yes,4,5,67,High
ASSET-983,Cloud-Resource-983,EC2,Yes,6,Yes,Medium,High,7,Updated,Yes,No,4,5,60,High
ASSET-984,Cloud-Resource-984,RDS,No,14,No,High,Low,1,Updated,Yes,Yes,5,3,45,Medium
ASSET-985,Cloud-Resource-985,VPC,Yes,9,Yes,Low,High,5,Outdated,Yes,Yes,10,4,54,High
ASSET-986,Cloud-Resource-986,S3,Yes,20,Yes,Medium,Low,1,Outdated,Yes,No,6,4,58,High
ASSET-987,Cloud-Resource-987,Lambda,Yes,12,Yes,High,High,1,Outdated,Yes,No,2,6,76,Critical
ASSET-988,Cloud-Resource-988,S3,Yes,0,Yes,Low,Medium,6,Updated,No,No,10,4,50,High
ASSET-989,Cloud-Resource-989,IAM,Yes,20,No,High,High,8,Updated,Yes,Yes,6,6,78,Critical
ASSET-990,Cloud-Resource-990,EC2,Yes,2,No,Medium,High,8,Updated,No,Yes,5,5,63,High
ASSET-991,Cloud-Resource-991,Lambda,Yes,20,Yes,Low,High,8,Outdated,No,Yes,9,6,78,Critical
ASSET-992,Cloud-Resource-992,S3,No,7,Yes,Medium,Low,10,Outdated,Yes,Yes,9,3,46,Medium
ASSET-993,Cloud-Resource-993,S3,Yes,14,Yes,High,Low,10,Updated,No,No,2,6,77,Critical
ASSET-994,Cloud-Resource-994,EC2,No,12,Yes,Low,Medium,3,Outdated,No,No,7,4,58,High
ASSET-995,Cloud-Resource-995,S3,No,2,No,Low,Low,6,Updated,Yes,Yes,4,2,27,Medium
ASSET-996,Cloud-Resource-996,S3,No,10,Yes,High,Low,1,Outdated,Yes,Yes,5,3,43,Medium
ASSET-997,Cloud-Resource-997,VPC,No,9,No,High,Medium,9,Updated,Yes,No,3,5,61,High
ASSET-998,Cloud-Resource-998,Lambda,Yes,13,Yes,Medium,Low,7,Outdated,No,No,6,6,76,Critical
ASSET-999,Cloud-Resource-999,IAM,No,17,No,High,Low,7,Updated,Yes,Yes,9,4,53,High
ASSET-1000,Cloud-Resource-1000,S3,Yes,20,Yes,Medium,High,5,Outdated,No,No,4,6,75,Critical
